car_id,Price Category
0,2
1,2
2,2
3,0
4,2
5,2
6,2
7,2
8,2
9,2
10,2
11,2
12,2
13,2
14,2
15,2
16,2
17,2
18,2
19,2
20,2
21,2
22,2
23,2
24,2
25,2
26,2
27,1
28,2
29,2
30,2
31,1
32,2
33,2
34,2
35,2
36,2
37,2
38,2
39,2
40,2
41,2
42,2
43,2
44,2
45,2
46,2
47,1
48,2
49,2
50,2
51,2
52,2
53,2
54,0
55,2
56,0
57,0
58,2
59,2
60,1
61,2
62,2
63,2
64,2
65,0
66,0
67,2
68,2
69,2
70,0
71,2
72,2
73,2
74,2
75,2
76,2
77,2
78,2
79,2
80,0
81,2
82,2
83,2
84,2
85,2
86,2
87,1
88,2
89,2
90,0
91,2
92,0
93,2
94,1
95,2
96,0
97,2
98,2
99,2
100,2
101,1
102,2
103,2
104,2
105,1
106,2
107,0
108,1
109,1
110,2
111,2
112,2
113,1
114,2
115,0
116,1
117,2
118,1
119,2
120,2
121,2
122,2
123,2
124,2
125,2
126,2
127,2
128,2
129,0
130,2
131,2
132,2
133,0
134,2
135,2
136,2
137,2
138,2
139,0
140,2
141,2
142,2
143,0
144,2
145,0
146,2
147,0
148,0
149,2
150,0
151,0
152,0
153,0
154,0
155,0
156,0
157,0
158,2
159,2
160,2
161,0
162,0
163,2
164,0
165,0
166,2
167,0
168,2
169,2
170,0
171,0
172,0
173,0
174,0
175,0
176,2
177,0
178,0
179,0
180,0
181,2
182,0
183,0
184,0
185,0
186,0
187,0
188,0
189,0
190,0
191,0
192,0
193,0
194,0
195,0
196,0
197,0
198,0
199,0
200,0
201,0
202,0
203,0
204,0
205,0
206,0
207,2
208,0
209,2
210,1
211,0
212,2
213,2
214,2
215,0
216,2
217,2
218,2
219,2
220,2
221,2
222,0
223,0
224,0
225,2
226,0
227,0
228,0
229,2
230,0
231,0
232,0
233,0
234,0
235,2
236,0
237,0
238,0
239,0
240,0
241,2
242,1
243,0
244,0
245,0
246,0
247,0
248,2
249,0
250,0
251,0
252,2
253,2
254,0
255,0
256,0
257,0
258,2
259,0
260,0
261,2
262,2
263,2
264,0
265,0
266,2
267,0
268,0
269,0
270,0
271,0
272,0
273,0
274,2
275,0
276,0
277,1
278,2
279,0
280,0
281,1
282,2
283,0
284,0
285,0
286,2
287,0
288,0
289,0
290,0
291,0
292,2
293,0
294,0
295,1
296,0
297,0
298,0
299,2
300,0
301,0
302,2
303,1
304,2
305,2
306,0
307,0
308,2
309,2
310,0
311,0
312,0
313,0
314,2
315,2
316,0
317,0
318,0
319,2
320,0
321,0
322,0
323,0
324,2
325,0
326,1
327,0
328,0
329,0
330,0
331,0
332,0
333,0
334,0
335,0
336,0
337,0
338,0
339,2
340,2
341,0
342,0
343,0
344,2
345,0
346,0
347,0
348,0
349,0
350,0
351,0
352,2
353,0
354,2
355,0
356,2
357,0
358,0
359,0
360,0
361,2
362,2
363,0
364,0
365,0
366,0
367,0
368,0
369,0
370,0
371,2
372,0
373,0
374,0
375,0
376,0
377,0
378,0
379,0
380,0
381,0
382,2
383,2
384,2
385,2
386,0
387,0
388,0
389,2
390,0
391,0
392,0
393,2
394,2
395,0
396,0
397,2
398,0
399,2
400,0
401,0
402,1
403,0
404,0
405,0
406,0
407,2
408,0
409,0
410,0
411,0
412,0
413,2
414,0
415,0
416,0
417,0
418,0
419,0
420,0
421,0
422,2
423,2
424,2
425,2
426,0
427,2
428,2
429,2
430,2
431,2
432,2
433,2
434,0
435,2
436,0
437,2
438,2
439,2
440,2
441,2
442,2
443,2
444,2
445,2
446,2
447,2
448,0
449,2
450,2
451,0
452,2
453,0
454,2
455,0
456,0
457,2
458,0
459,2
460,0
461,2
462,0
463,2
464,2
465,2
466,1
467,0
468,0
469,2
470,0
471,2
472,2
473,0
474,0
475,2
476,0
477,0
478,0
479,2
480,2
481,0
482,2
483,2
484,0
485,2
486,2
487,2
488,2
489,2
490,2
491,2
492,2
493,2
494,2
495,2
496,2
497,2
498,2
499,2
500,2
501,2
502,2
503,2
504,2
505,2
506,2
507,2
508,2
509,2
510,0
511,2
512,2
513,2
514,2
515,2
516,2
517,2
518,2
519,2
520,2
521,2
522,2
523,2
524,0
525,2
526,2
527,2
528,2
529,2
530,0
531,2
532,2
533,2
534,2
535,2
536,2
537,2
538,2
539,2
540,2
541,2
542,2
543,2
544,2
545,2
546,2
547,2
548,2
549,2
550,2
551,2
552,2
553,2
554,2
555,2
556,2
557,2
558,2
559,2
560,2
561,0
562,2
563,2
564,2
565,2
566,2
567,2
568,2
569,2
570,2
571,2
572,0
573,2
574,2
575,2
576,2
577,2
578,2
579,2
580,2
581,2
582,2
583,2
584,2
585,2
586,2
587,2
588,2
589,2
590,2
591,2
592,2
593,2
594,2
595,2
596,2
597,2
598,2
599,2
600,2
601,2
602,2
603,2
604,2
605,2
606,2
607,2
608,2
609,1
610,2
611,2
612,2
613,2
614,1
615,2
616,2
617,2
618,1
619,2
620,2
621,2
622,2
623,2
624,2
625,2
626,2
627,1
628,2
629,2
630,1
631,1
632,2
633,2
634,2
635,2
636,2
637,2
638,2
639,2
640,2
641,1
642,2
643,2
644,1
645,2
646,2
647,2
648,2
649,2
650,2
651,2
652,1
653,2
654,2
655,2
656,1
657,2
658,2
659,2
660,2
661,1
662,2
663,1
664,2
665,2
666,2
667,2
668,2
669,2
670,2
671,2
672,2
673,2
674,2
675,2
676,2
677,2
678,1
679,2
680,2
681,2
682,2
683,2
684,2
685,2
686,2
687,2
688,1
689,2
690,2
691,1
692,2
693,2
694,2
695,2
696,2
697,0
698,0
699,0
700,0
701,2
702,0
703,0
704,2
705,0
706,1
707,0
708,0
709,0
710,2
711,2
712,0
713,2
714,0
715,2
716,2
717,0
718,0
719,0
720,0
721,0
722,0
723,0
724,0
725,2
726,0
727,0
728,0
729,2
730,0
731,0
732,0
733,0
734,2
735,0
736,0
737,0
738,2
739,2
740,2
741,2
742,2
743,0
744,0
745,0
746,0
747,0
748,2
749,2
750,2
751,2
752,2
753,2
754,2
755,2
756,2
757,2
758,0
759,2
760,2
761,2
762,2
763,0
764,0
765,2
766,0
767,0
768,2
769,2
770,0
771,2
772,0
773,0
774,0
775,0
776,0
777,0
778,0
779,2
780,0
781,2
782,2
783,0
784,0
785,2
786,2
787,0
788,0
789,0
790,2
791,0
792,2
793,2
794,2
795,0
796,0
797,2
798,2
799,2
800,0
801,0
802,2
803,2
804,0
805,2
806,2
807,2
808,0
809,2
810,2
811,2
812,0
813,2
814,2
815,0
816,2
817,2
818,0
819,0
820,0
821,2
822,0
823,0
824,0
825,2
826,0
827,2
828,2
829,2
830,2
831,2
832,2
833,0
834,0
835,2
836,2
837,2
838,2
839,2
840,2
841,0
842,2
843,0
844,2
845,0
846,0
847,2
848,2
849,0
850,2
851,0
852,2
853,0
854,2
855,2
856,2
857,0
858,2
859,2
860,0
861,2
862,0
863,2
864,0
865,0
866,2
867,0
868,0
869,0
870,2
871,2
872,0
873,2
874,2
875,0
876,2
877,2
878,1
879,2
880,0
881,2
882,1
883,2
884,2
885,2
886,1
887,0
888,2
889,2
890,1
891,2
892,2
893,2
894,0
895,0
896,2
897,2
898,0
899,2
900,1
901,2
902,2
903,2
904,2
905,2
906,1
907,2
908,0
909,0
910,2
911,0
912,2
913,2
914,2
915,2
916,2
917,2
918,0
919,0
920,0
921,0
922,0
923,2
924,0
925,0
926,2
927,0
928,0
929,0
930,0
931,2
932,2
933,2
934,2
935,2
936,2
937,2
938,2
939,2
940,2
941,1
942,1
943,2
944,1
945,2
946,1
947,1
948,1
949,2
950,1
951,1
952,1
953,2
954,1
955,0
956,2
957,0
958,0
959,0
960,2
961,0
962,0
963,0
964,2
965,0
966,0
967,0
968,0
969,0
970,0
971,0
972,0
973,0
974,0
975,0
976,0
977,0
978,1
979,1
980,0
981,1
982,0
983,0
984,0
985,0
986,2
987,2
988,0
989,2
990,0
991,2
992,2
993,0
994,2
995,1
996,0
997,0
998,0
999,2
1000,2
1001,2
1002,2
1003,2
1004,2
1005,2
1006,0
1007,2
1008,2
1009,2
1010,2
1011,2
1012,2
1013,2
1014,2
1015,2
1016,0
1017,2
1018,0
1019,2
1020,2
1021,2
1022,0
1023,2
1024,2
1025,2
1026,0
1027,2
1028,2
1029,0
1030,2
1031,2
1032,0
1033,0
1034,2
1035,0
1036,2
1037,2
1038,2
1039,0
1040,2
1041,0
1042,2
1043,0
1044,2
1045,0
1046,0
1047,2
1048,0
1049,0
1050,2
1051,2
1052,0
1053,0
1054,2
1055,2
1056,0
1057,2
1058,2
1059,2
1060,2
1061,2
1062,2
1063,2
1064,0
1065,2
1066,2
1067,0
1068,2
1069,2
1070,2
1071,0
1072,2
1073,2
1074,2
1075,0
1076,0
1077,2
1078,0
1079,2
1080,0
1081,2
1082,2
1083,2
1084,2
1085,0
1086,2
1087,2
1088,2
1089,2
1090,0
1091,0
1092,2
1093,2
1094,2
1095,2
1096,2
1097,0
1098,2
1099,0
1100,2
1101,0
1102,0
1103,0
1104,0
1105,0
1106,2
1107,2
1108,2
1109,2
1110,2
1111,2
1112,2
1113,2
1114,2
1115,2
1116,2
1117,2
1118,2
1119,2
1120,2
1121,2
1122,1
1123,2
1124,2
1125,2
1126,2
1127,2
1128,2
1129,2
1130,1
1131,0
1132,0
1133,0
1134,0
1135,2
1136,2
1137,2
1138,0
1139,2
1140,0
1141,2
1142,2
1143,0
1144,1
1145,2
1146,2
1147,0
1148,2
1149,1
1150,0
1151,2
1152,0
1153,0
1154,0
1155,0
1156,2
1157,0
1158,0
1159,0
1160,0
1161,0
1162,0
1163,0
1164,0
1165,2
1166,2
1167,2
1168,2
1169,2
1170,2
1171,0
1172,0
1173,0
1174,0
1175,0
1176,0
1177,0
1178,2
1179,0
1180,0
1181,0
1182,2
1183,0
1184,0
1185,0
1186,0
1187,0
1188,2
1189,2
1190,0
1191,0
1192,0
1193,0
1194,2
1195,0
1196,0
1197,0
1198,0
1199,2
1200,0
1201,2
1202,0
1203,0
1204,0
1205,0
1206,0
1207,0
1208,2
1209,0
1210,0
1211,0
1212,0
1213,0
1214,2
1215,0
1216,2
1217,0
1218,2
1219,1
1220,0
1221,0
1222,0
1223,0
1224,0
1225,0
1226,2
1227,0
1228,2
1229,0
1230,2
1231,0
1232,0
1233,0
1234,0
1235,2
1236,0
1237,0
1238,0
1239,2
1240,2
1241,0
1242,0
1243,0
1244,0
1245,0
1246,0
1247,0
1248,0
1249,0
1250,0
1251,0
1252,0
1253,0
1254,0
1255,0
1256,0
1257,0
1258,0
1259,0
1260,0
1261,0
1262,0
1263,0
1264,0
1265,0
1266,0
1267,2
1268,0
1269,0
1270,0
1271,0
1272,2
1273,0
1274,0
1275,2
1276,2
1277,0
1278,2
1279,0
1280,0
1281,0
1282,0
1283,0
1284,0
1285,0
1286,0
1287,0
1288,0
1289,0
1290,2
1291,2
1292,0
1293,0
1294,0
1295,0
1296,2
1297,2
1298,2
1299,2
1300,0
1301,2
1302,2
1303,1
1304,2
1305,2
1306,2
1307,2
1308,1
1309,2
1310,2
1311,1
1312,2
1313,2
1314,1
1315,2
1316,2
1317,2
1318,2
1319,2
1320,2
1321,2
1322,2
1323,2
1324,2
1325,2
1326,1
1327,2
1328,2
1329,2
1330,2
1331,2
1332,2
1333,2
1334,1
1335,2
1336,2
1337,2
1338,2
1339,1
1340,0
1341,2
1342,0
1343,0
1344,0
1345,2
1346,2
1347,0
1348,2
1349,0
1350,0
1351,2
1352,1
1353,1
1354,2
1355,2
1356,2
1357,2
1358,1
1359,1
1360,1
1361,2
1362,2
1363,2
1364,2
1365,2
1366,2
1367,1
1368,2
1369,2
1370,2
1371,2
1372,0
1373,0
1374,0
1375,0
1376,0
1377,0
1378,0
1379,0
1380,0
1381,2
1382,2
1383,2
1384,1
1385,1
1386,2
1387,2
1388,1
1389,2
1390,2
1391,2
1392,2
1393,2
1394,2
1395,1
1396,2
1397,2
1398,0
1399,0
1400,2
1401,2
1402,2
1403,2
1404,2
1405,2
1406,2
1407,2
1408,2
1409,2
1410,2
1411,2
1412,0
1413,2
1414,2
1415,0
1416,2
1417,0
1418,2
1419,2
1420,2
1421,2
1422,2
1423,2
1424,1
1425,1
1426,2
1427,1
1428,2
1429,1
1430,2
1431,2
1432,2
1433,2
1434,2
1435,2
1436,2
1437,2
1438,2
1439,2
1440,2
1441,2
1442,2
1443,2
1444,2
1445,2
1446,2
1447,2
1448,2
1449,2
1450,2
1451,2
1452,1
1453,0
1454,2
1455,2
1456,2
1457,2
1458,1
1459,1
1460,2
1461,2
1462,2
1463,1
1464,2
1465,2
1466,2
1467,2
1468,2
1469,0
1470,0
1471,2
1472,0
1473,2
1474,2
1475,1
1476,2
1477,1
1478,2
1479,0
1480,2
1481,1
1482,0
1483,0
1484,2
1485,2
1486,0
1487,1
1488,2
1489,2
1490,2
1491,2
1492,2
1493,1
1494,2
1495,0
1496,0
1497,0
1498,1
1499,2
1500,2
1501,0
1502,2
1503,2
1504,2
1505,2
1506,2
1507,2
1508,2
1509,2
1510,0
1511,2
1512,2
1513,2
1514,2
1515,1
1516,2
1517,0
1518,1
1519,1
1520,2
1521,0
1522,2
1523,0
1524,2
1525,2
1526,2
1527,2
1528,1
1529,1
1530,2
1531,2
1532,0
1533,1
1534,0
1535,2
1536,2
1537,0
1538,0
1539,1
1540,0
1541,1
1542,2
1543,1
1544,0
1545,2
1546,1
1547,2
1548,1
1549,2
1550,0
1551,0
1552,2
1553,0
1554,2
1555,2
1556,2
1557,0
1558,0
1559,1
1560,1
1561,2
1562,0
1563,0
1564,0
1565,2
1566,2
1567,2
1568,2
1569,1
1570,0
1571,0
1572,2
1573,1
1574,1
1575,0
1576,0
1577,2
1578,0
1579,1
1580,2
1581,2
1582,0
1583,2
1584,2
1585,2
1586,0
1587,2
1588,0
1589,0
1590,1
1591,2
1592,2
1593,0
1594,0
1595,2
1596,0
1597,0
1598,2
1599,2
1600,0
1601,2
1602,2
1603,0
1604,2
1605,1
1606,2
1607,1
1608,2
1609,0
1610,1
1611,0
1612,0
1613,2
1614,0
1615,1
1616,2
1617,0
1618,2
1619,0
1620,0
1621,0
1622,2
1623,2
1624,1
1625,1
1626,1
1627,1
1628,1
1629,2
1630,1
1631,2
1632,1
1633,1
1634,2
1635,0
1636,0
1637,2
1638,0
1639,2
1640,2
1641,0
1642,2
1643,0
1644,0
1645,0
1646,0
1647,0
1648,0
1649,2
1650,2
1651,0
1652,2
1653,0
1654,2
1655,2
1656,2
1657,2
1658,0
1659,0
1660,0
1661,0
1662,2
1663,0
1664,0
1665,2
1666,0
1667,0
1668,0
1669,2
1670,0
1671,2
1672,0
1673,2
1674,0
1675,1
1676,2
1677,2
1678,1
1679,1
1680,0
1681,0
1682,1
1683,2
1684,0
1685,2
1686,0
1687,1
1688,2
1689,2
1690,2
1691,2
1692,1
1693,1
1694,0
1695,0
1696,2
1697,1
1698,0
1699,2
1700,2
1701,0
1702,0
1703,1
1704,1
1705,2
1706,1
1707,0
1708,2
1709,2
1710,1
1711,1
1712,1
1713,2
1714,2
1715,0
1716,2
1717,2
1718,1
1719,0
1720,0
1721,0
1722,2
1723,2
1724,1
1725,2
1726,2
1727,0
1728,0
1729,0
1730,2
1731,2
1732,2
1733,0
1734,2
1735,2
1736,2
1737,0
1738,0
1739,2
1740,2
1741,2
1742,2
1743,1
1744,2
1745,0
1746,2
1747,1
1748,1
1749,2
1750,1
1751,0
1752,1
1753,1
1754,0
1755,2
1756,1
1757,2
1758,2
1759,2
1760,2
1761,1
1762,2
1763,2
1764,1
1765,0
1766,2
1767,1
1768,2
1769,1
1770,2
1771,2
1772,3
1773,1
1774,0
1775,0
1776,1
1777,1
1778,0
1779,2
1780,2
1781,1
1782,1
1783,1
1784,1
1785,2
1786,1
1787,2
1788,0
1789,2
1790,2
1791,1
1792,2
1793,2
1794,2
1795,1
1796,1
1797,1
1798,2
1799,1
1800,1
1801,0
1802,1
1803,0
1804,2
1805,2
1806,1
1807,2
1808,2
1809,2
1810,0
1811,2
1812,2
1813,1
1814,1
1815,2
1816,2
1817,2
1818,0
1819,2
1820,2
1821,1
1822,2
1823,2
1824,1
1825,0
1826,2
1827,0
1828,2
1829,0
1830,2
1831,2
1832,0
1833,2
1834,0
1835,0
1836,2
1837,2
1838,1
1839,2
1840,2
1841,1
1842,2
1843,1
1844,1
1845,0
1846,0
1847,2
1848,1
1849,2
1850,1
1851,2
1852,2
1853,1
1854,2
1855,0
1856,1
1857,2
1858,1
1859,1
1860,2
1861,0
1862,2
1863,1
1864,2
1865,1
1866,2
1867,2
1868,0
1869,1
1870,0
1871,2
1872,2
1873,1
1874,1
1875,2
1876,0
1877,1
1878,2
1879,1
1880,2
1881,2
1882,2
1883,1
1884,1
1885,2
1886,2
1887,1
1888,1
1889,0
1890,2
1891,1
1892,2
1893,1
1894,0
1895,2
1896,1
1897,2
1898,0
1899,0
1900,1
1901,1
1902,1
1903,2
1904,1
1905,2
1906,2
1907,2
1908,0
1909,2
1910,0
1911,1
1912,2
1913,0
1914,1
1915,2
1916,2
1917,1
1918,1
1919,2
1920,2
1921,2
1922,2
1923,2
1924,0
1925,2
1926,2
1927,2
1928,0
1929,0
1930,2
1931,2
1932,0
1933,1
1934,0
1935,2
1936,0
1937,2
1938,1
1939,2
1940,2
1941,0
1942,1
1943,2
1944,2
1945,2
1946,0
1947,2
1948,1
1949,1
1950,2
1951,0
1952,2
1953,1
1954,2
1955,1
1956,1
1957,1
1958,2
1959,2
1960,1
1961,1
1962,0
1963,1
1964,2
1965,2
1966,2
1967,2
1968,1
1969,1
1970,2
1971,0
1972,2
1973,2
1974,2
1975,0
1976,0
1977,2
1978,2
1979,1
1980,0
1981,2
1982,2
1983,2
1984,0
1985,0
1986,0
1987,1
1988,2
1989,2
1990,2
1991,2
1992,2
1993,2
1994,2
1995,1
1996,1
1997,1
1998,1
1999,1
2000,1
2001,1
2002,1
2003,1
2004,1
2005,1
2006,0
2007,1
2008,1
2009,2
2010,1
2011,2
2012,1
2013,1
2014,2
2015,2
2016,1
2017,1
2018,2
2019,2
2020,1
2021,2
2022,2
2023,1
2024,1
2025,0
2026,2
2027,1
2028,2
2029,2
2030,2
2031,2
2032,1
2033,1
2034,2
2035,2
2036,2
2037,1
2038,2
2039,1
2040,1
2041,1
2042,1
2043,2
2044,2
2045,2
2046,2
2047,1
2048,2
2049,1
2050,0
2051,1
2052,1
2053,2
2054,2
2055,1
2056,2
2057,2
2058,1
2059,1
2060,1
2061,2
2062,1
2063,2
2064,1
2065,2
2066,2
2067,2
2068,2
2069,2
2070,2
2071,2
2072,1
2073,2
2074,2
2075,2
2076,2
2077,2
2078,1
2079,2
2080,2
2081,2
2082,2
2083,2
2084,2
2085,2
2086,1
2087,2
2088,2
2089,1
2090,2
2091,2
2092,2
2093,2
2094,2
2095,1
2096,1
2097,2
2098,2
2099,1
2100,2
2101,1
2102,2
2103,1
2104,1
2105,1
2106,1
2107,1
2108,1
2109,1
2110,2
2111,1
2112,2
2113,1
2114,2
2115,1
2116,2
2117,2
2118,2
2119,0
2120,1
2121,2
2122,2
2123,2
2124,0
2125,0
2126,0
2127,2
2128,2
2129,2
2130,2
2131,2
2132,0
2133,2
2134,2
2135,0
2136,2
2137,2
2138,2
2139,2
2140,2
2141,2
2142,2
2143,2
2144,2
2145,2
2146,2
2147,2
2148,1
2149,0
2150,2
2151,2
2152,2
2153,2
2154,2
2155,2
2156,2
2157,2
2158,2
2159,2
2160,2
2161,2
2162,2
2163,2
2164,2
2165,2
2166,2
2167,2
2168,2
2169,2
2170,2
2171,2
2172,2
2173,2
2174,2
2175,2
2176,2
2177,0
2178,0
2179,0
2180,0
2181,0
2182,0
2183,2
2184,2
2185,2
2186,2
2187,2
2188,2
2189,1
2190,2
2191,2
2192,2
2193,2
2194,2
2195,2
2196,2
2197,2
2198,2
2199,2
2200,2
2201,2
2202,2
2203,2
2204,0
2205,0
2206,2
2207,2
2208,2
2209,2
2210,2
2211,2
2212,2
2213,2
2214,2
2215,2
2216,2
2217,1
2218,2
2219,0
2220,2
2221,2
2222,1
2223,0
2224,2
2225,1
2226,2
2227,0
2228,2
2229,2
2230,2
2231,2
2232,2
2233,2
2234,0
2235,2
2236,2
2237,2
2238,0
2239,2
2240,2
2241,2
2242,2
2243,2
2244,2
2245,1
2246,2
2247,0
2248,2
2249,2
2250,2
2251,2
2252,2
2253,1
2254,2
2255,2
2256,2
2257,1
2258,2
2259,2
2260,2
2261,2
2262,2
2263,2
2264,0
2265,2
2266,2
2267,2
2268,1
2269,0
2270,2
2271,2
2272,2
2273,2
2274,0
2275,2
2276,2
2277,1
2278,2
2279,2
2280,0
2281,2
2282,2
2283,2
2284,0
2285,0
2286,2
2287,2
2288,2
2289,2
2290,2
2291,0
2292,2
2293,0
2294,2
2295,2
2296,2
2297,2
2298,0
2299,2
2300,2
2301,2
2302,0
2303,2
2304,2
2305,0
2306,2
2307,2
2308,2
2309,2
2310,2
2311,2
2312,2
2313,2
2314,2
2315,2
2316,2
2317,2
2318,2
2319,0
2320,0
2321,2
2322,2
2323,1
2324,1
2325,2
2326,0
2327,0
2328,2
2329,2
2330,1
2331,0
2332,2
2333,2
2334,2
2335,2
2336,2
2337,2
2338,0
2339,1
2340,2
2341,2
2342,0
2343,2
2344,0
2345,2
2346,2
2347,2
2348,2
2349,1
2350,2
2351,2
2352,2
2353,2
2354,2
2355,2
2356,2
2357,2
2358,2
2359,1
2360,1
2361,2
2362,2
2363,2
2364,2
2365,2
2366,1
2367,1
2368,1
2369,1
2370,2
2371,2
2372,2
2373,2
2374,1
2375,3
2376,1
2377,0
2378,2
2379,2
2380,2
2381,1
2382,0
2383,2
2384,0
2385,2
2386,2
2387,0
2388,2
2389,2
2390,0
2391,1
2392,2
2393,2
2394,1
2395,1
2396,2
2397,2
2398,2
2399,2
2400,2
2401,2
2402,2
2403,1
2404,2
2405,2
2406,2
2407,1
2408,2
2409,2
2410,2
2411,1
2412,2
2413,2
2414,0
2415,2
2416,2
2417,2
2418,0
2419,2
2420,2
2421,2
2422,2
2423,2
2424,1
2425,1
2426,2
2427,2
2428,2
2429,1
2430,2
2431,2
2432,1
2433,1
2434,0
2435,2
2436,0
2437,2
2438,1
2439,2
2440,2
2441,2
2442,2
2443,1
2444,0
2445,2
2446,1
2447,2
2448,2
2449,1
2450,1
2451,1
2452,2
2453,0
2454,1
2455,2
2456,2
2457,2
2458,2
2459,2
2460,1
2461,2
2462,1
2463,2
2464,2
2465,1
2466,2
2467,1
2468,1
2469,2
2470,0
2471,2
2472,2
2473,2
2474,0
2475,1
2476,2
2477,2
2478,1
2479,1
2480,2
2481,1
2482,2
2483,2
2484,1
2485,2
2486,2
2487,2
2488,2
2489,2
2490,2
2491,2
2492,2
2493,0
2494,2
2495,2
2496,2
2497,2
2498,2
2499,2
2500,1
2501,2
2502,2
2503,1
2504,2
2505,2
2506,2
2507,2
2508,2
2509,0
2510,2
2511,2
2512,2
2513,1
2514,2
2515,2
2516,2
2517,2
2518,2
2519,2
2520,2
2521,1
2522,2
2523,2
2524,2
2525,2
2526,1
2527,2
2528,1
2529,2
2530,1
2531,1
2532,2
2533,2
2534,2
2535,1
2536,1
2537,2
2538,2
2539,2
2540,2
2541,0
2542,2
2543,1
2544,0
2545,1
2546,1
2547,2
2548,2
2549,2
2550,1
2551,2
2552,2
2553,0
2554,2
2555,2
2556,2
2557,1
2558,2
2559,2
2560,2
2561,2
2562,0
2563,2
2564,2
2565,2
2566,2
2567,1
2568,1
2569,1
2570,2
2571,1
2572,0
2573,2
2574,1
2575,1
2576,2
2577,0
2578,1
2579,1
2580,2
2581,1
2582,2
2583,2
2584,1
2585,2
2586,0
2587,1
2588,2
2589,2
2590,1
2591,2
2592,2
2593,2
2594,0
2595,1
2596,2
2597,2
2598,2
2599,2
2600,2
2601,1
2602,2
2603,2
2604,0
2605,2
2606,1
2607,2
2608,2
2609,2
2610,2
2611,2
2612,1
2613,2
2614,2
2615,2
2616,1
2617,2
2618,2
2619,1
2620,1
2621,1
2622,1
2623,2
2624,1
2625,2
2626,1
2627,1
2628,1
2629,2
2630,2
2631,2
2632,2
2633,2
2634,2
2635,1
2636,1
2637,2
2638,2
2639,2
2640,2
2641,2
2642,2
2643,2
2644,2
2645,1
2646,2
2647,2
2648,2
2649,1
2650,2
2651,2
2652,2
2653,2
2654,1
2655,2
2656,2
2657,1
2658,2
2659,1
2660,2
2661,1
2662,2
2663,2
2664,2
2665,2
2666,2
2667,2
2668,2
2669,2
2670,2
2671,1
2672,2
2673,2
2674,2
2675,2
2676,2
2677,1
2678,2
2679,2
2680,1
2681,2
2682,2
2683,2
2684,1
2685,2
2686,2
2687,1
2688,2
2689,0
2690,2
2691,0
2692,2
2693,2
2694,2
2695,2
2696,0
2697,2
2698,2
2699,2
2700,0
2701,0
2702,0
2703,0
2704,2
2705,0
2706,2
2707,0
2708,0
2709,0
2710,2
2711,2
2712,0
2713,2
2714,0
2715,0
2716,2
2717,0
2718,0
2719,2
2720,0
2721,0
2722,0
2723,2
2724,2
2725,2
2726,2
2727,2
2728,2
2729,2
2730,2
2731,2
2732,0
2733,2
2734,2
2735,2
2736,2
2737,0
2738,2
2739,2
2740,2
2741,2
2742,0
2743,2
2744,2
2745,1
2746,2
2747,2
2748,0
2749,2
2750,2
2751,2
2752,0
2753,0
2754,2
2755,2
2756,2
2757,2
2758,2
2759,0
2760,2
2761,0
2762,2
2763,1
2764,2
2765,0
2766,2
2767,2
2768,2
2769,2
2770,2
2771,2
2772,2
2773,2
2774,0
2775,2
2776,2
2777,2
2778,2
2779,2
2780,2
2781,2
2782,2
2783,2
2784,2
2785,2
2786,2
2787,0
2788,2
2789,2
2790,2
2791,2
2792,2
2793,2
2794,1
2795,2
2796,2
2797,2
2798,2
2799,1
2800,2
2801,1
2802,1
2803,2
2804,2
2805,2
2806,2
2807,2
2808,2
2809,2
2810,2
2811,2
2812,2
2813,2
2814,2
2815,2
2816,2
2817,2
2818,2
2819,2
2820,2
2821,2
2822,2
2823,2
2824,2
2825,2
2826,2
2827,2
2828,2
2829,2
2830,2
2831,2
2832,2
2833,2
2834,2
2835,2
2836,2
2837,2
2838,2
2839,2
2840,2
2841,2
2842,2
2843,2
2844,0
2845,0
2846,2
2847,0
2848,0
2849,2
2850,0
2851,2
2852,2
2853,2
2854,2
2855,0
2856,2
2857,2
2858,0
2859,2
2860,2
2861,2
2862,2
2863,0
2864,2
2865,0
2866,2
2867,2
2868,2
2869,0
2870,0
2871,2
2872,2
2873,2
2874,0
2875,0
2876,2
2877,2
2878,2
2879,0
2880,2
2881,2
2882,2
2883,0
2884,2
2885,2
2886,2
2887,0
2888,2
2889,2
2890,2
2891,2
2892,2
2893,2
2894,2
2895,2
2896,2
2897,2
2898,2
2899,2
2900,2
2901,2
2902,2
2903,2
2904,2
2905,2
2906,2
2907,2
2908,2
2909,2
2910,2
2911,2
2912,2
2913,2
2914,2
2915,2
2916,2
2917,2
2918,2
2919,2
2920,1
2921,2
2922,2
2923,1
2924,2
2925,1
2926,2
2927,1
2928,1
2929,1
2930,2
2931,0
2932,0
2933,0
2934,0
2935,1
2936,1
2937,2
2938,2
2939,2
2940,2
2941,2
2942,2
2943,2
2944,0
2945,2
2946,2
2947,2
2948,2
2949,2
2950,2
2951,2
2952,2
2953,2
2954,2
2955,2
2956,2
2957,2
2958,2
2959,0
2960,2
2961,0
2962,2
2963,2
2964,2
2965,2
2966,2
2967,2
2968,2
2969,2
2970,2
2971,2
2972,2
2973,0
2974,2
2975,0
2976,0
2977,0
2978,2
2979,2
2980,2
2981,2
2982,2
2983,2
2984,2
2985,2
2986,2
2987,2
2988,2
2989,2
2990,0
2991,2
2992,2
2993,2
2994,2
2995,1
2996,0
2997,2
2998,2
2999,2
3000,2
3001,2
3002,2
3003,2
3004,2
3005,2
3006,2
3007,2
3008,0
3009,2
3010,2
3011,2
3012,2
3013,1
3014,2
3015,2
3016,2
3017,2
3018,2
3019,2
3020,2
3021,2
3022,2
3023,2
3024,2
3025,2
3026,0
3027,0
3028,2
3029,2
3030,2
3031,2
3032,2
3033,2
3034,2
3035,2
3036,2
3037,2
3038,2
3039,2
3040,2
3041,2
3042,0
3043,0
3044,1
3045,2
3046,2
3047,2
3048,2
3049,2
3050,2
3051,2
3052,2
3053,2
3054,2
3055,2
3056,2
3057,1
3058,2
3059,2
3060,2
3061,2
3062,2
3063,2
3064,2
3065,2
3066,2
3067,0
3068,2
3069,2
3070,2
3071,2
3072,2
3073,2
3074,2
3075,2
3076,2
3077,2
3078,2
3079,2
3080,2
3081,2
3082,2
3083,2
3084,2
3085,2
3086,2
3087,2
3088,2
3089,2
3090,0
3091,2
3092,2
3093,2
3094,2
3095,2
3096,2
3097,2
3098,2
3099,2
3100,0
3101,2
3102,2
3103,2
3104,2
3105,2
3106,2
3107,2
3108,2
3109,2
3110,2
3111,2
3112,2
3113,2
3114,2
3115,2
3116,2
3117,0
3118,2
3119,2
3120,2
3121,2
3122,2
3123,2
3124,2
3125,2
3126,2
3127,2
3128,0
3129,2
3130,2
3131,2
3132,2
3133,2
3134,2
3135,2
3136,2
3137,1
3138,2
3139,1
3140,1
3141,2
3142,2
3143,1
3144,1
3145,1
3146,2
3147,2
3148,2
3149,2
3150,2
3151,2
3152,2
3153,2
3154,2
3155,2
3156,2
3157,2
3158,0
3159,2
3160,2
3161,2
3162,1
3163,0
3164,0
3165,0
3166,0
3167,0
3168,0
3169,0
3170,2
3171,2
3172,2
3173,2
3174,2
3175,0
3176,2
3177,2
3178,2
3179,0
3180,2
3181,2
3182,0
3183,2
3184,2
3185,0
3186,0
3187,2
3188,2
3189,0
3190,2
3191,2
3192,2
3193,2
3194,0
3195,2
3196,0
3197,2
3198,2
3199,2
3200,2
3201,2
3202,1
3203,2
3204,2
3205,0
3206,2
3207,0
3208,2
3209,1
3210,0
3211,2
3212,2
3213,2
3214,2
3215,2
3216,0
3217,2
3218,0
3219,2
3220,2
3221,2
3222,2
3223,0
3224,2
3225,2
3226,0
3227,2
3228,2
3229,2
3230,2
3231,2
3232,2
3233,2
3234,2
3235,2
3236,2
3237,2
3238,2
3239,2
3240,2
3241,2
3242,2
3243,2
3244,2
3245,2
3246,2
3247,2
3248,2
3249,2
3250,0
3251,0
3252,2
3253,2
3254,2
3255,2
3256,1
3257,1
3258,1
3259,2
3260,1
3261,2
3262,0
3263,2
3264,2
3265,1
3266,1
3267,0
3268,2
3269,2
3270,2
3271,2
3272,2
3273,1
3274,2
3275,2
3276,2
3277,0
3278,0
3279,2
3280,0
3281,0
3282,0
3283,2
3284,2
3285,2
3286,2
3287,0
3288,2
3289,2
3290,2
3291,2
3292,0
3293,2
3294,2
3295,2
3296,1
3297,2
3298,2
3299,1
3300,2
3301,2
3302,2
3303,2
3304,1
3305,2
3306,2
3307,2
3308,2
3309,2
3310,0
3311,2
3312,2
3313,2
3314,2
3315,1
3316,2
3317,2
3318,2
3319,2
3320,1
3321,2
3322,2
3323,2
3324,2
3325,2
3326,0
3327,0
3328,1
3329,2
3330,2
3331,1
3332,2
3333,2
3334,2
3335,2
3336,2
3337,2
3338,2
3339,2
3340,2
3341,2
3342,2
3343,2
3344,2
3345,2
3346,2
3347,2
3348,2
3349,2
3350,2
3351,2
3352,2
3353,2
3354,2
3355,0
3356,2
3357,0
3358,2
3359,2
3360,2
3361,2
3362,2
3363,2
3364,0
3365,2
3366,2
3367,2
3368,2
3369,2
3370,2
3371,2
3372,2
3373,2
3374,2
3375,2
3376,2
3377,2
3378,2
3379,0
3380,2
3381,2
3382,2
3383,2
3384,2
3385,2
3386,1
3387,0
3388,2
3389,1
3390,2
3391,2
3392,2
3393,0
3394,0
3395,2
3396,2
3397,0
3398,0
3399,0
3400,2
3401,2
3402,2
3403,2
3404,0
3405,0
3406,1
3407,1
3408,2
3409,0
3410,1
3411,0
3412,2
3413,2
3414,2
3415,2
3416,0
3417,0
3418,2
3419,2
3420,1
3421,1
3422,2
3423,2
3424,2
3425,0
3426,2
3427,2
3428,2
3429,2
3430,2
3431,2
3432,0
3433,2
3434,1
3435,0
3436,0
3437,0
3438,2
3439,1
3440,0
3441,0
3442,2
3443,2
3444,0
3445,2
3446,1
3447,1
3448,1
3449,0
3450,2
3451,1
3452,2
3453,0
3454,2
3455,0
3456,2
3457,2
3458,0
3459,2
3460,2
3461,0
3462,2
3463,2
3464,1
3465,2
3466,2
3467,2
3468,2
3469,2
3470,2
3471,2
3472,0
3473,2
3474,2
3475,2
3476,2
3477,0
3478,1
3479,0
3480,0
3481,1
3482,0
3483,2
3484,2
3485,2
3486,2
3487,2
3488,1
3489,2
3490,2
3491,2
3492,2
3493,2
3494,1
3495,2
3496,2
3497,2
3498,2
3499,2
3500,1
3501,1
3502,2
3503,2
3504,2
3505,1
3506,2
3507,2
3508,2
3509,2
3510,2
3511,2
3512,2
3513,2
3514,2
3515,2
3516,2
3517,2
3518,2
3519,2
3520,2
3521,2
3522,2
3523,2
3524,2
3525,2
3526,2
3527,2
3528,2
3529,2
3530,2
3531,2
3532,2
3533,2
3534,2
3535,2
3536,2
3537,1
3538,2
3539,2
3540,1
3541,2
3542,2
3543,2
3544,2
3545,2
3546,2
3547,2
3548,2
3549,2
3550,2
3551,2
3552,1
3553,2
3554,2
3555,2
3556,2
3557,2
3558,2
3559,2
3560,2
3561,2
3562,1
3563,2
3564,2
3565,2
3566,2
3567,2
3568,2
3569,2
3570,2
3571,2
3572,2
3573,1
3574,2
3575,2
3576,2
3577,2
3578,2
3579,1
3580,2
3581,2
3582,2
3583,2
3584,2
3585,2
3586,2
3587,2
3588,2
3589,1
3590,2
3591,1
3592,2
3593,2
3594,2
3595,2
3596,2
3597,1
3598,2
3599,1
3600,1
3601,2
3602,1
3603,2
3604,1
3605,2
3606,2
3607,2
3608,2
3609,2
3610,2
3611,1
3612,1
3613,0
3614,2
3615,2
3616,1
3617,2
3618,2
3619,2
3620,2
3621,2
3622,2
3623,2
3624,0
3625,2
3626,0
3627,2
3628,1
3629,2
3630,2
3631,2
3632,2
3633,2
3634,2
3635,2
3636,1
3637,2
3638,2
3639,2
3640,0
3641,2
3642,2
3643,2
3644,1
3645,0
3646,1
3647,0
3648,2
3649,0
3650,2
3651,2
3652,1
3653,1
3654,1
3655,2
3656,2
3657,2
3658,1
3659,1
3660,2
3661,0
3662,2
3663,2
3664,1
3665,2
3666,2
3667,2
3668,0
3669,2
3670,0
3671,2
3672,2
3673,2
3674,2
3675,2
3676,1
3677,0
3678,2
3679,1
3680,2
3681,2
3682,2
3683,2
3684,2
3685,2
3686,2
3687,2
3688,2
3689,2
3690,2
3691,2
3692,2
3693,2
3694,1
3695,1
3696,2
3697,1
3698,2
3699,2
3700,2
3701,2
3702,2
3703,2
3704,2
3705,2
3706,1
3707,2
3708,2
3709,2
3710,2
3711,1
3712,2
3713,2
3714,2
3715,1
3716,2
3717,2
3718,2
3719,2
3720,2
3721,1
3722,2
3723,1
3724,1
3725,1
3726,1
3727,2
3728,2
3729,2
3730,2
3731,2
3732,1
3733,1
3734,1
3735,1
3736,2
3737,1
3738,1
3739,2
3740,2
3741,1
3742,2
3743,2
3744,1
3745,2
3746,2
3747,2
3748,2
3749,2
3750,2
3751,2
3752,2
3753,2
3754,1
3755,2
3756,1
3757,2
3758,2
3759,2
3760,1
3761,2
3762,2
3763,2
3764,1
3765,1
3766,2
3767,1
3768,1
3769,2
3770,2
3771,2
3772,2
3773,2
3774,1
3775,1
3776,2
3777,2
3778,2
3779,2
3780,1
3781,2
3782,2
3783,1
3784,2
3785,2
3786,2
3787,2
3788,2
3789,2
3790,2
3791,1
3792,2
3793,2
3794,1
3795,1
3796,2
3797,1
3798,2
3799,1
3800,2
3801,2
3802,2
3803,2
3804,2
3805,2
3806,2
3807,2
3808,2
3809,2
3810,2
3811,2
3812,2
3813,2
3814,2
3815,2
3816,2
3817,2
3818,1
3819,2
3820,2
3821,2
3822,2
3823,1
3824,2
3825,2
3826,2
3827,1
3828,2
3829,2
3830,1
3831,1
3832,2
3833,2
3834,2
3835,1
3836,2
3837,2
3838,2
3839,2
3840,2
3841,2
3842,2
3843,1
3844,2
3845,2
3846,2
3847,2
3848,2
3849,2
3850,2
3851,2
3852,2
3853,2
3854,2
3855,2
3856,2
3857,2
3858,2
3859,2
3860,2
3861,2
3862,0
3863,0
3864,0
3865,2
3866,0
3867,0
3868,0
3869,0
3870,0
3871,0
3872,2
3873,0
3874,0
3875,0
3876,0
3877,2
3878,2
3879,2
3880,2
3881,2
3882,2
3883,2
3884,2
3885,2
3886,2
3887,2
3888,2
3889,2
3890,2
3891,2
3892,2
3893,2
3894,2
3895,2
3896,2
3897,2
3898,2
3899,2
3900,2
3901,2
3902,2
3903,2
3904,2
3905,2
3906,1
3907,1
3908,1
3909,1
3910,2
3911,1
3912,1
3913,2
3914,2
3915,2
3916,2
3917,1
3918,1
3919,1
3920,1
3921,1
3922,2
3923,1
3924,2
3925,2
3926,2
3927,1
3928,1
3929,1
3930,2
3931,2
3932,2
3933,2
3934,2
3935,2
3936,2
3937,1
3938,1
3939,1
3940,2
3941,2
3942,2
3943,2
3944,2
3945,1
3946,2
3947,2
3948,2
3949,2
3950,2
3951,2
3952,2
3953,2
3954,2
3955,2
3956,2
3957,2
3958,1
3959,2
3960,2
3961,2
3962,2
3963,0
3964,2
3965,2
3966,2
3967,2
3968,2
3969,0
3970,0
3971,0
3972,1
3973,2
3974,2
3975,2
3976,2
3977,1
3978,1
3979,1
3980,0
3981,1
3982,1
3983,0
3984,2
3985,1
3986,2
3987,2
3988,2
3989,2
3990,1
3991,0
3992,2
3993,0
3994,2
3995,2
3996,0
3997,1
3998,2
3999,2
4000,2
4001,2
4002,2
4003,0
4004,2
4005,0
4006,2
4007,2
4008,2
4009,2
4010,2
4011,0
4012,2
4013,2
4014,2
4015,2
4016,0
4017,0
4018,2
4019,0
4020,2
4021,2
4022,2
4023,2
4024,0
4025,1
4026,2
4027,2
4028,0
4029,2
4030,2
4031,2
4032,2
4033,2
4034,0
4035,0
4036,2
4037,2
4038,2
4039,2
4040,1
4041,0
4042,1
4043,1
4044,2
4045,2
4046,0
4047,2
4048,2
4049,2
4050,2
4051,2
4052,2
4053,2
4054,0
4055,2
4056,2
4057,2
4058,1
4059,1
4060,2
4061,2
4062,1
4063,2
4064,2
4065,2
4066,2
4067,2
4068,2
4069,2
4070,0
4071,0
4072,0
4073,2
4074,2
4075,2
4076,2
4077,2
4078,0
4079,2
4080,2
4081,2
4082,2
4083,2
4084,2
4085,2
4086,2
4087,2
4088,2
4089,2
4090,2
4091,2
4092,2
4093,2
4094,2
4095,2
4096,2
4097,2
4098,2
4099,2
4100,2
4101,2
4102,2
4103,2
4104,2
4105,2
4106,2
4107,2
4108,2
4109,2
4110,2
4111,2
4112,2
4113,1
4114,1
4115,1
4116,1
4117,1
4118,1
4119,1
4120,1
4121,1
4122,1
4123,1
4124,1
4125,1
4126,1
4127,2
4128,1
4129,1
4130,2
4131,2
4132,0
4133,1
4134,0
4135,0
4136,0
4137,0
4138,2
4139,2
4140,0
4141,0
4142,0
4143,0
4144,0
4145,0
4146,0
4147,0
4148,2
4149,0
4150,0
4151,0
4152,0
4153,0
4154,2
4155,0
4156,0
4157,2
4158,0
4159,0
4160,0
4161,0
4162,0
4163,0
4164,2
4165,2
4166,2
4167,2
4168,2
4169,1
4170,1
4171,1
4172,2
4173,2
4174,2
4175,1
4176,1
4177,1
4178,2
4179,2
4180,2
4181,1
4182,2
4183,2
4184,2
4185,2
4186,2
4187,2
4188,2
4189,1
4190,2
4191,0
4192,2
4193,2
4194,0
4195,0
4196,2
4197,2
4198,2
4199,2
4200,2
4201,2
4202,2
4203,0
4204,0
4205,2
4206,2
4207,2
4208,0
4209,2
4210,2
4211,2
4212,2
4213,0
4214,2
4215,0
4216,0
4217,2
4218,2
4219,2
4220,2
4221,2
4222,2
4223,2
4224,2
4225,2
4226,2
4227,0
4228,0
4229,2
4230,2
4231,0
4232,2
4233,0
4234,2
4235,2
4236,0
4237,2
4238,2
4239,2
4240,2
4241,2
4242,2
4243,2
4244,2
4245,0
4246,2
4247,2
4248,0
4249,0
4250,0
4251,2
4252,2
4253,2
4254,2
4255,0
4256,2
4257,0
4258,2
4259,2
4260,2
4261,2
4262,2
4263,2
4264,2
4265,2
4266,2
4267,2
4268,2
4269,2
4270,2
4271,2
4272,2
4273,2
4274,2
4275,0
4276,2
4277,2
4278,2
4279,2
4280,2
4281,2
4282,2
4283,2
4284,2
4285,2
4286,2
4287,2
4288,2
4289,0
4290,2
4291,2
4292,2
4293,2
4294,2
4295,2
4296,2
4297,2
4298,2
4299,2
4300,2
4301,2
4302,2
4303,2
4304,2
4305,2
4306,2
4307,2
4308,2
4309,2
4310,2
4311,2
4312,2
4313,2
4314,2
4315,2
4316,2
4317,2
4318,2
4319,1
4320,1
4321,2
4322,2
4323,2
4324,2
4325,1
4326,1
4327,2
4328,2
4329,1
4330,1
4331,1
4332,2
4333,1
4334,1
4335,1
4336,1
4337,1
4338,2
4339,1
4340,1
4341,1
4342,1
4343,1
4344,2
4345,1
4346,2
4347,1
4348,2
4349,1
4350,1
4351,2
4352,1
4353,2
4354,1
4355,1
4356,1
4357,1
4358,2
4359,1
4360,2
4361,1
4362,1
4363,1
4364,2
4365,1
4366,1
4367,1
4368,2
4369,2
4370,2
4371,2
4372,2
4373,1
4374,2
4375,2
4376,2
4377,1
4378,2
4379,1
4380,2
4381,2
4382,2
4383,2
4384,2
4385,2
4386,2
4387,1
4388,2
4389,1
4390,2
4391,2
4392,2
4393,2
4394,1
4395,2
4396,2
4397,2
4398,2
4399,2
4400,2
4401,2
4402,2
4403,2
4404,2
4405,2
4406,2
4407,1
4408,2
4409,1
4410,1
4411,1
4412,1
4413,1
4414,1
4415,1
4416,1
4417,2
4418,1
4419,2
4420,1
4421,1
4422,2
4423,2
4424,2
4425,2
4426,2
4427,2
4428,2
4429,2
4430,2
4431,2
4432,2
4433,2
4434,2
4435,2
4436,2
4437,2
4438,1
4439,2
4440,2
4441,2
4442,1
4443,1
4444,1
4445,1
4446,1
4447,2
4448,2
4449,2
4450,0
4451,2
4452,2
4453,2
4454,0
4455,0
4456,0
4457,0
4458,0
4459,2
4460,2
4461,1
4462,2
4463,2
4464,2
4465,1
4466,2
4467,2
4468,2
4469,2
4470,2
4471,2
4472,2
4473,2
4474,2
4475,2
4476,2
4477,2
4478,2
4479,2
4480,1
4481,2
4482,2
4483,2
4484,2
4485,2
4486,2
4487,1
4488,2
4489,1
4490,2
4491,1
4492,2
4493,2
4494,2
4495,1
4496,1
4497,1
4498,1
4499,2
4500,2
4501,2
4502,1
4503,2
4504,2
4505,1
4506,1
4507,2
4508,2
4509,1
4510,1
4511,2
4512,1
4513,1
4514,1
4515,2
4516,1
4517,2
4518,1
4519,1
4520,2
4521,2
4522,0
4523,2
4524,1
4525,1
4526,0
4527,2
4528,2
4529,2
4530,1
4531,0
4532,2
4533,2
4534,2
4535,2
4536,1
4537,2
4538,2
4539,0
4540,0
4541,0
4542,2
4543,0
4544,2
4545,2
4546,2
4547,2
4548,2
4549,2
4550,2
4551,1
4552,2
4553,2
4554,2
4555,2
4556,1
4557,1
4558,2
4559,1
4560,2
4561,2
4562,1
4563,2
4564,2
4565,1
4566,2
4567,0
4568,2
4569,2
4570,2
4571,2
4572,2
4573,2
4574,0
4575,2
4576,0
4577,1
4578,2
4579,1
4580,2
4581,2
4582,2
4583,2
4584,2
4585,1
4586,1
4587,1
4588,2
4589,2
4590,0
4591,1
4592,2
4593,2
4594,1
4595,1
4596,2
4597,2
4598,2
4599,2
4600,2
4601,2
4602,0
4603,2
4604,2
4605,2
4606,0
4607,2
4608,2
4609,2
4610,2
4611,2
4612,2
4613,2
4614,1
4615,0
4616,2
4617,1
4618,0
4619,0
4620,1
4621,2
4622,2
4623,1
4624,2
4625,2
4626,2
4627,2
4628,1
4629,2
4630,0
4631,2
4632,0
4633,2
4634,2
4635,0
4636,2
4637,0
4638,2
4639,2
4640,2
4641,2
4642,2
4643,1
4644,2
4645,2
4646,2
4647,0
4648,1
4649,0
4650,2
4651,1
4652,1
4653,2
4654,1
4655,1
4656,1
4657,2
4658,0
4659,1
4660,2
4661,0
4662,2
4663,2
4664,2
4665,2
4666,1
4667,1
4668,2
4669,1
4670,1
4671,2
4672,2
4673,0
4674,2
4675,1
4676,2
4677,2
4678,1
4679,0
4680,1
4681,2
4682,0
4683,1
4684,2
4685,2
4686,2
4687,1
4688,2
4689,1
4690,2
4691,2
4692,2
4693,2
4694,2
4695,0
4696,0
4697,2
4698,1
4699,1
4700,2
4701,0
4702,0
4703,1
4704,2
4705,2
4706,2
4707,0
4708,1
4709,2
4710,1
4711,2
4712,2
4713,1
4714,1
4715,1
4716,2
4717,2
4718,2
4719,2
4720,2
4721,1
4722,2
4723,2
4724,0
4725,2
4726,2
4727,2
4728,1
4729,1
4730,1
4731,2
4732,2
4733,2
4734,2
4735,2
4736,2
4737,2
4738,1
4739,1
4740,2
4741,2
4742,2
4743,1
4744,2
4745,2
4746,2
4747,2
4748,2
4749,2
4750,2
4751,1
4752,1
4753,1
4754,1
4755,1
4756,1
4757,2
4758,1
4759,1
4760,1
4761,1
4762,1
4763,1
4764,1
4765,1
4766,1
4767,2
4768,2
4769,1
4770,1
4771,1
4772,1
4773,1
4774,2
4775,1
4776,1
4777,1
4778,2
4779,1
4780,1
4781,1
4782,1
4783,1
4784,1
4785,2
4786,2
4787,0
4788,2
4789,2
4790,2
4791,2
4792,0
4793,2
4794,2
4795,2
4796,0
4797,0
4798,2
4799,2
4800,2
4801,0
4802,0
4803,2
4804,2
4805,2
4806,2
4807,2
4808,2
4809,0
4810,2
4811,2
4812,0
4813,0
4814,2
4815,0
4816,0
4817,2
4818,2
4819,2
4820,2
4821,2
4822,2
4823,2
4824,0
4825,0
4826,2
4827,0
4828,0
4829,2
4830,2
4831,2
4832,2
4833,2
4834,2
4835,2
4836,2
4837,1
4838,2
4839,2
4840,2
4841,1
4842,2
4843,1
4844,2
4845,2
4846,2
4847,1
4848,2
4849,2
4850,2
4851,2
4852,1
4853,2
4854,1
4855,2
4856,2
4857,2
4858,2
4859,2
4860,2
4861,2
4862,2
4863,2
4864,2
4865,2
4866,2
4867,2
4868,2
4869,2
4870,1
4871,2
4872,2
4873,2
4874,2
4875,1
4876,2
4877,2
4878,2
4879,0
4880,2
4881,2
4882,2
4883,0
4884,0
4885,0
4886,2
4887,2
4888,2
4889,2
4890,2
4891,2
4892,2
4893,2
4894,2
4895,2
4896,2
4897,2
4898,2
4899,2
4900,2
4901,2
4902,2
4903,2
4904,2
4905,2
4906,2
4907,2
4908,2
4909,2
4910,2
4911,2
4912,1
4913,2
4914,2
4915,2
4916,1
4917,2
4918,2
4919,2
4920,2
4921,2
4922,2
4923,2
4924,1
4925,1
4926,1
4927,1
4928,1
4929,1
4930,2
4931,2
4932,1
4933,2
4934,2
4935,2
4936,2
4937,2
4938,2
4939,2
4940,2
4941,2
4942,2
4943,2
4944,2
4945,2
4946,2
4947,2
4948,2
4949,2
4950,2
4951,2
4952,2
4953,2
4954,2
4955,2
4956,2
4957,2
4958,2
4959,2
4960,2
4961,2
4962,2
4963,2
4964,2
4965,2
4966,2
4967,2
4968,2
4969,2
4970,2
4971,2
4972,0
4973,2
4974,0
4975,0
4976,0
4977,2
4978,0
4979,0
4980,0
4981,0
4982,0
4983,0
4984,2
4985,2
4986,2
4987,2
4988,2
4989,2
4990,2
4991,0
4992,0
4993,0
4994,0
4995,2
4996,0
4997,2
4998,0
4999,2
5000,2
5001,0
5002,0
5003,0
5004,2
5005,0
5006,2
5007,0
5008,2
5009,2
5010,2
5011,2
5012,2
5013,0
5014,0
5015,2
5016,0
5017,2
5018,0
5019,2
5020,2
5021,2
5022,2
5023,1
5024,2
5025,2
5026,1
5027,2
5028,0
5029,2
5030,2
5031,2
5032,2
5033,2
5034,2
5035,2
5036,2
5037,0
5038,2
5039,2
5040,2
5041,2
5042,2
5043,2
5044,2
5045,0
5046,2
5047,0
5048,2
5049,2
5050,0
5051,2
5052,2
5053,0
5054,2
5055,2
5056,2
5057,2
5058,2
5059,2
5060,2
5061,2
5062,0
5063,2
5064,1
5065,0
5066,2
5067,2
5068,2
5069,2
5070,2
5071,0
5072,0
5073,2
5074,2
5075,2
5076,2
5077,2
5078,2
5079,2
5080,2
5081,1
5082,2
5083,2
5084,2
5085,2
5086,2
5087,2
5088,2
5089,2
5090,0
5091,2
5092,2
5093,2
5094,2
5095,2
5096,2
5097,0
5098,2
5099,2
5100,1
5101,1
5102,2
5103,2
5104,2
5105,2
5106,1
5107,2
5108,0
5109,0
5110,2
5111,2
5112,2
5113,2
5114,2
5115,2
5116,2
5117,2
5118,2
5119,2
5120,2
5121,2
5122,2
5123,0
5124,2
5125,2
5126,2
5127,2
5128,2
5129,1
5130,1
5131,1
5132,1
5133,1
5134,1
5135,1
5136,1
5137,1
5138,1
5139,1
5140,1
5141,2
5142,1
5143,1
5144,1
5145,1
5146,2
5147,1
5148,1
5149,2
5150,2
5151,2
5152,1
5153,1
5154,1
5155,2
5156,1
5157,1
5158,2
5159,2
5160,2
5161,2
5162,2
5163,2
5164,2
5165,2
5166,2
5167,2
5168,2
5169,2
5170,1
5171,2
5172,2
5173,2
5174,2
5175,2
5176,1
5177,2
5178,2
5179,2
5180,1
5181,2
5182,2
5183,2
5184,0
5185,0
5186,2
5187,2
5188,2
5189,2
5190,2
5191,2
5192,2
5193,2
5194,2
5195,2
5196,2
5197,2
5198,2
5199,2
5200,2
5201,1
5202,1
5203,1
5204,1
5205,2
5206,1
5207,1
5208,1
5209,1
5210,2
5211,1
5212,1
5213,2
5214,1
5215,1
5216,1
5217,1
5218,1
5219,1
5220,1
5221,1
5222,1
5223,1
5224,1
5225,1
5226,1
5227,2
5228,2
5229,2
5230,1
5231,2
5232,2
5233,1
5234,1
5235,1
5236,2
5237,1
5238,2
5239,2
5240,2
5241,1
5242,2
5243,2
5244,1
5245,2
5246,1
5247,1
5248,1
5249,2
5250,2
5251,2
5252,2
5253,1
5254,1
5255,2
5256,2
5257,1
5258,2
5259,1
5260,1
5261,2
5262,2
5263,1
5264,2
5265,2
5266,2
5267,1
5268,2
5269,2
5270,1
5271,1
5272,1
5273,1
5274,1
5275,2
5276,0
5277,0
5278,0
5279,2
5280,2
5281,0
5282,2
5283,0
5284,0
5285,2
5286,2
5287,2
5288,0
5289,2
5290,2
5291,2
5292,2
5293,2
5294,2
5295,0
5296,2
5297,0
5298,2
5299,2
5300,2
5301,2
5302,0
5303,2
5304,2
5305,2
5306,2
5307,2
5308,0
5309,2
5310,0
5311,0
5312,2
5313,2
5314,2
5315,2
5316,2
5317,2
5318,2
5319,2
5320,2
5321,2
5322,1
5323,2
5324,2
5325,2
5326,2
5327,2
5328,2
5329,2
5330,2
5331,2
5332,2
5333,2
5334,2
5335,2
5336,2
5337,2
5338,1
5339,2
5340,2
5341,2
5342,2
5343,2
5344,2
5345,2
5346,2
5347,2
5348,2
5349,2
5350,2
5351,2
5352,1
5353,2
5354,2
5355,2
5356,2
5357,2
5358,2
5359,2
5360,2
5361,2
5362,2
5363,2
5364,2
5365,2
5366,2
5367,2
5368,2
5369,2
5370,2
5371,2
5372,2
5373,2
5374,2
5375,2
5376,2
5377,2
5378,2
5379,2
5380,2
5381,2
5382,1
5383,2
5384,1
5385,1
5386,2
5387,2
5388,2
5389,1
5390,2
5391,2
5392,2
5393,2
5394,1
5395,2
5396,2
5397,0
5398,2
5399,2
5400,0
5401,0
5402,0
5403,2
5404,2
5405,2
5406,2
5407,2
5408,1
5409,1
5410,1
5411,1
5412,1
5413,1
5414,1
5415,1
5416,1
5417,1
5418,1
5419,1
5420,1
5421,1
5422,1
5423,1
5424,1
5425,1
5426,1
5427,1
5428,1
5429,1
5430,3
5431,1
5432,1
5433,1
5434,1
5435,1
5436,1
5437,1
5438,1
5439,1
5440,1
5441,1
5442,1
5443,1
5444,1
5445,1
5446,1
5447,1
5448,1
5449,1
5450,2
5451,0
5452,2
5453,0
5454,2
5455,0
5456,2
5457,2
5458,2
5459,0
5460,2
5461,0
5462,2
5463,1
5464,2
5465,2
5466,2
5467,2
5468,0
5469,0
5470,2
5471,2
5472,2
5473,0
5474,0
5475,0
5476,2
5477,1
5478,2
5479,2
5480,2
5481,2
5482,2
5483,2
5484,1
5485,2
5486,2
5487,2
5488,2
5489,2
5490,0
5491,2
5492,0
5493,2
5494,2
5495,1
5496,0
5497,0
5498,2
5499,2
5500,2
5501,0
5502,2
5503,2
5504,0
5505,2
5506,1
5507,2
5508,2
5509,2
5510,0
5511,1
5512,2
5513,2
5514,2
5515,2
5516,0
5517,2
5518,1
5519,0
5520,2
5521,2
5522,1
5523,2
5524,1
5525,2
5526,2
5527,2
5528,2
5529,2
5530,2
5531,2
5532,2
5533,2
5534,2
5535,2
5536,2
5537,2
5538,2
5539,1
5540,2
5541,1
5542,2
5543,1
5544,0
5545,2
5546,0
5547,0
5548,2
5549,2
5550,2
5551,0
5552,2
5553,2
5554,0
5555,2
5556,2
5557,2
5558,2
5559,2
5560,2
5561,1
5562,2
5563,1
5564,2
5565,2
5566,2
5567,2
5568,2
5569,2
5570,2
5571,0
5572,1
5573,2
5574,0
5575,0
5576,0
5577,2
5578,0
5579,0
5580,2
5581,0
5582,2
5583,2
5584,2
5585,2
5586,2
5587,0
5588,2
5589,2
5590,2
5591,2
5592,0
5593,2
5594,2
5595,2
5596,2
5597,2
5598,2
5599,0
5600,1
5601,2
5602,0
5603,0
5604,0
5605,0
5606,0
5607,2
5608,0
5609,2
5610,0
5611,2
5612,2
5613,0
5614,1
5615,0
5616,0
5617,2
5618,2
5619,2
5620,2
5621,2
5622,2
5623,0
5624,2
5625,2
5626,2
5627,0
5628,2
5629,0
5630,0
5631,2
5632,0
5633,2
5634,2
5635,2
5636,1
5637,2
5638,2
5639,2
5640,2
5641,2
5642,2
5643,1
5644,2
5645,0
5646,0
5647,2
5648,2
5649,2
5650,2
5651,0
5652,2
5653,2
5654,2
5655,2
5656,2
5657,2
5658,2
5659,2
5660,2
5661,2
5662,2
5663,2
5664,0
5665,2
5666,1
5667,2
5668,2
5669,2
5670,2
5671,0
5672,2
5673,0
5674,2
5675,2
5676,2
5677,2
5678,2
5679,2
5680,2
5681,2
5682,1
5683,2
5684,2
5685,2
5686,2
5687,2
5688,1
5689,2
5690,2
5691,2
5692,2
5693,2
5694,1
5695,1
5696,2
5697,2
5698,2
5699,2
5700,1
5701,2
5702,2
5703,1
5704,2
5705,1
5706,1
5707,2
5708,1
5709,2
5710,2
5711,2
5712,2
5713,1
5714,1
5715,2
5716,1
5717,1
5718,2
5719,2
5720,1
5721,1
5722,1
5723,1
5724,1
5725,2
5726,1
5727,2
5728,1
5729,2
5730,2
5731,2
5732,2
5733,1
5734,1
5735,2
5736,2
5737,1
5738,2
5739,2
5740,2
5741,2
5742,2
5743,2
5744,2
5745,1
5746,1
5747,1
5748,1
5749,1
5750,1
5751,1
5752,1
5753,1
5754,1
5755,1
5756,1
5757,1
5758,1
5759,1
5760,1
5761,1
5762,1
5763,1
5764,1
5765,2
5766,1
5767,1
5768,1
5769,2
5770,1
5771,1
5772,1
5773,2
5774,2
5775,1
5776,1
5777,1
5778,1
5779,1
5780,1
5781,2
5782,1
5783,1
5784,1
5785,1
5786,1
5787,1
5788,1
5789,1
5790,1
5791,2
5792,1
5793,1
5794,1
5795,2
5796,1
5797,1
5798,1
5799,1
5800,1
5801,1
5802,1
5803,1
5804,1
5805,1
5806,1
5807,2
5808,1
5809,2
5810,2
5811,2
5812,1
5813,1
5814,1
5815,1
5816,1
5817,2
5818,1
5819,2
5820,1
5821,2
5822,1
5823,1
5824,2
5825,2
5826,2
5827,2
5828,2
5829,2
5830,2
5831,2
5832,2
5833,2
5834,0
5835,2
5836,2
5837,2
5838,0
5839,1
5840,1
5841,2
5842,2
5843,2
5844,2
5845,2
5846,1
5847,2
5848,2
5849,2
5850,2
5851,2
5852,2
5853,2
5854,2
5855,1
5856,1
5857,1
5858,1
5859,1
5860,1
5861,2
5862,1
5863,1
5864,1
5865,1
5866,0
5867,0
5868,1
5869,1
5870,2
5871,1
5872,2
5873,2
5874,1
5875,2
5876,1
5877,2
5878,2
5879,2
5880,2
5881,2
5882,2
5883,2
5884,2
5885,2
5886,2
5887,1
5888,2
5889,2
5890,2
5891,1
5892,1
5893,1
5894,1
5895,1
5896,1
5897,1
5898,1
5899,1
5900,1
5901,1
5902,1
5903,2
5904,1
5905,1
5906,2
5907,2
5908,2
5909,2
5910,2
5911,2
5912,1
5913,1
5914,2
5915,2
5916,2
5917,2
5918,2
5919,2
5920,2
5921,1
5922,2
5923,2
5924,0
5925,2
5926,2
5927,1
5928,2
5929,3
5930,2
5931,3
5932,2
5933,2
5934,2
5935,2
5936,2
5937,1
5938,2
5939,2
5940,2
5941,2
5942,2
5943,2
5944,2
5945,1
5946,1
5947,2
5948,2
5949,2
5950,2
5951,2
5952,1
5953,2
5954,2
5955,2
5956,1
5957,2
5958,2
5959,2
5960,2
5961,2
5962,2
5963,2
5964,2
5965,2
5966,2
5967,2
5968,2
5969,0
5970,0
5971,0
5972,2
5973,1
5974,2
5975,2
5976,2
5977,2
5978,2
5979,2
5980,2
5981,0
5982,2
5983,2
5984,2
5985,2
5986,2
5987,1
5988,2
5989,1
5990,2
5991,2
5992,2
5993,1
5994,1
5995,1
5996,1
5997,0
5998,1
5999,0
6000,1
6001,2
6002,2
6003,2
6004,1
6005,1
6006,0
6007,1
6008,1
6009,2
6010,0
6011,2
6012,0
6013,0
6014,0
6015,0
6016,1
6017,2
6018,0
6019,1
6020,1
6021,2
6022,2
6023,0
6024,1
6025,2
6026,1
6027,1
6028,1
6029,1
6030,2
6031,0
6032,1
6033,1
6034,1
6035,0
6036,0
6037,2
6038,2
6039,2
6040,1
6041,1
6042,2
6043,1
6044,2
6045,0
6046,1
6047,1
6048,2
6049,1
6050,2
6051,1
6052,2
6053,1
6054,1
6055,2
6056,1
6057,2
6058,1
6059,1
6060,1
6061,2
6062,2
6063,2
6064,2
6065,1
6066,0
6067,2
6068,1
6069,2
6070,1
6071,2
6072,2
6073,0
6074,2
6075,1
6076,2
6077,2
6078,2
6079,2
6080,2
6081,0
6082,2
6083,2
6084,2
6085,0
6086,0
6087,2
6088,2
6089,2
6090,2
6091,2
6092,0
6093,2
6094,2
6095,2
6096,0
6097,2
6098,2
6099,2
6100,1
6101,0
6102,2
6103,0
6104,2
6105,2
6106,2
6107,1
6108,0
6109,2
6110,2
6111,0
6112,2
6113,2
6114,0
6115,2
6116,2
6117,0
6118,2
6119,2
6120,2
6121,0
6122,1
6123,1
6124,1
6125,2
6126,2
6127,0
6128,1
6129,2
6130,2
6131,0
6132,1
6133,2
6134,2
6135,2
6136,1
6137,1
6138,1
6139,2
6140,1
6141,1
6142,1
6143,1
6144,1
6145,2
6146,1
6147,2
6148,2
6149,1
6150,2
6151,1
6152,2
6153,1
6154,1
6155,2
6156,1
6157,1
6158,1
6159,2
6160,2
6161,2
6162,2
6163,2
6164,1
6165,2
6166,2
6167,2
6168,0
6169,0
6170,2
6171,0
6172,0
6173,2
6174,0
6175,0
6176,0
6177,0
6178,2
6179,2
6180,0
6181,2
6182,2
6183,0
6184,2
6185,0
6186,0
6187,1
6188,1
6189,2
6190,0
6191,2
6192,2
6193,2
6194,2
6195,2
6196,2
6197,2
6198,2
6199,2
6200,2
6201,2
6202,2
6203,2
6204,2
6205,2
6206,2
6207,2
6208,2
6209,0
6210,0
6211,0
6212,0
6213,0
6214,1
6215,1
6216,1
6217,2
6218,2
6219,2
6220,1
6221,2
6222,1
6223,2
6224,1
6225,2
6226,1
6227,1
6228,1
6229,2
6230,2
6231,1
6232,2
6233,1
6234,2
6235,1
6236,1
6237,1
6238,1
6239,1
6240,2
6241,1
6242,1
6243,2
6244,0
6245,1
6246,1
6247,2
6248,2
6249,2
6250,2
6251,2
6252,2
6253,2
6254,2
6255,2
6256,2
6257,2
6258,2
6259,2
6260,2
6261,2
6262,2
6263,2
6264,2
6265,0
6266,0
6267,2
6268,2
6269,0
6270,0
6271,2
6272,2
6273,2
6274,2
6275,0
6276,2
6277,2
6278,0
6279,0
6280,0
6281,2
6282,0
6283,0
6284,2
6285,0
6286,2
6287,2
6288,0
6289,0
6290,0
6291,2
6292,2
6293,2
6294,2
6295,0
6296,2
6297,2
6298,2
6299,2
6300,0
6301,0
6302,2
6303,0
6304,0
6305,0
6306,0
6307,0
6308,2
6309,0
6310,0
6311,0
6312,2
6313,0
6314,2
6315,0
6316,0
6317,0
6318,0
6319,2
6320,0
6321,2
6322,2
6323,0
6324,0
6325,2
6326,2
6327,0
6328,2
6329,0
6330,0
6331,0
6332,0
6333,0
6334,2
6335,0
6336,2
6337,2
6338,2
6339,2
6340,0
6341,0
6342,0
6343,2
6344,2
6345,2
6346,2
6347,2
6348,2
6349,0
6350,2
6351,2
6352,0
6353,2
6354,0
6355,2
6356,2
6357,0
6358,2
6359,2
6360,2
6361,2
6362,2
6363,2
6364,2
6365,2
6366,0
6367,2
6368,2
6369,2
6370,0
6371,0
6372,2
6373,2
6374,2
6375,2
6376,2
6377,2
6378,2
6379,0
6380,2
6381,0
6382,0
6383,0
6384,0
6385,0
6386,2
6387,2
6388,0
6389,0
6390,0
6391,0
6392,0
6393,0
6394,2
6395,2
6396,2
6397,0
6398,2
6399,0
6400,2
6401,2
6402,0
6403,2
6404,0
6405,1
6406,2
6407,2
6408,2
6409,0
6410,2
6411,2
6412,2
6413,2
6414,2
6415,2
6416,2
6417,2
6418,0
6419,0
6420,2
6421,2
6422,0
6423,2
6424,2
6425,0
6426,1
6427,1
6428,0
6429,0
6430,2
6431,2
6432,0
6433,2
6434,0
6435,0
6436,0
6437,0
6438,0
6439,2
6440,2
6441,2
6442,2
6443,1
6444,1
6445,1
6446,1
6447,1
6448,1
6449,1
6450,1
6451,2
6452,1
6453,1
6454,1
6455,1
6456,1
6457,1
6458,1
6459,1
6460,1
6461,1
6462,2
6463,1
6464,1
6465,1
6466,1
6467,1
6468,1
6469,1
6470,1
6471,2
6472,1
6473,1
6474,2
6475,1
6476,1
6477,1
6478,1
6479,1
6480,1
6481,1
6482,1
6483,1
6484,2
6485,1
6486,1
6487,2
6488,1
6489,1
6490,1
6491,1
6492,1
6493,2
6494,0
6495,2
6496,0
6497,0
6498,2
6499,2
6500,2
6501,2
6502,0
6503,0
6504,2
6505,0
6506,0
6507,2
6508,2
6509,2
6510,2
6511,0
6512,0
6513,2
6514,2
6515,2
6516,2
6517,2
6518,2
6519,2
6520,2
6521,2
6522,1
6523,0
6524,0
6525,2
6526,2
6527,1
6528,1
6529,1
6530,1
6531,2
6532,1
6533,2
6534,1
6535,1
6536,1
6537,0
6538,2
6539,1
6540,1
6541,2
6542,1
6543,0
6544,0
6545,0
6546,0
6547,0
6548,0
6549,2
6550,1
6551,1
6552,2
6553,2
6554,2
6555,2
6556,2
6557,1
6558,0
6559,0
6560,1
6561,0
6562,2
6563,2
6564,2
6565,2
6566,2
6567,2
6568,2
6569,1
6570,2
6571,0
6572,2
6573,2
6574,2
6575,2
6576,2
6577,2
6578,2
6579,2
6580,2
6581,2
6582,2
6583,2
6584,2
6585,2
6586,2
6587,2
6588,2
6589,2
6590,2
6591,2
6592,2
6593,2
6594,2
6595,2
6596,2
6597,2
6598,2
6599,2
6600,2
6601,2
6602,2
6603,1
6604,2
6605,1
6606,1
6607,2
6608,1
6609,1
6610,2
6611,1
6612,2
6613,2
6614,1
6615,1
6616,1
6617,1
6618,1
6619,2
6620,2
6621,2
6622,2
6623,0
6624,2
6625,2
6626,1
6627,1
6628,2
6629,1
6630,1
6631,1
6632,2
6633,1
6634,1
6635,1
6636,1
6637,2
6638,1
6639,1
6640,1
6641,1
6642,1
6643,1
6644,1
6645,1
6646,1
6647,1
6648,1
6649,1
6650,1
6651,1
6652,1
6653,2
6654,1
6655,1
6656,1
6657,1
6658,1
6659,1
6660,2
6661,1
6662,1
6663,2
6664,2
6665,2
6666,1
6667,1
6668,1
6669,2
6670,1
6671,1
6672,1
6673,1
6674,1
6675,2
6676,1
6677,1
6678,1
6679,1
6680,1
6681,2
6682,2
6683,2
6684,1
6685,1
6686,2
6687,1
6688,2
6689,1
6690,1
6691,1
6692,1
6693,1
6694,2
6695,2
6696,2
6697,1
6698,1
6699,1
6700,1
6701,1
6702,1
6703,2
6704,2
6705,2
6706,2
6707,2
6708,2
6709,2
6710,2
6711,2
6712,0
6713,2
6714,0
6715,0
6716,2
6717,2
6718,2
6719,2
6720,2
6721,2
6722,0
6723,2
6724,0
6725,2
6726,2
6727,2
6728,2
6729,2
6730,2
6731,2
6732,2
6733,2
6734,1
6735,0
6736,2
6737,0
6738,0
6739,0
6740,0
6741,0
6742,2
6743,0
6744,0
6745,0
6746,2
6747,0
6748,0
6749,0
6750,2
6751,2
6752,2
6753,2
6754,2
6755,2
6756,2
6757,2
6758,2
6759,2
6760,2
6761,0
6762,2
6763,0
6764,2
6765,2
6766,2
6767,0
6768,2
6769,1
6770,2
6771,2
6772,1
6773,1
6774,1
6775,1
6776,1
6777,1
6778,1
6779,1
6780,2
6781,2
6782,2
6783,2
6784,2
6785,2
6786,2
6787,2
6788,2
6789,2
6790,2
6791,2
6792,2
6793,2
6794,2
6795,2
6796,2
6797,0
6798,2
6799,2
6800,2
6801,2
6802,2
6803,2
6804,0
6805,1
6806,2
6807,2
6808,2
6809,2
6810,2
6811,2
6812,2
6813,2
6814,2
6815,2
6816,2
6817,2
6818,2
6819,2
6820,2
6821,2
6822,2
6823,2
6824,2
6825,1
6826,2
6827,2
6828,2
6829,2
6830,2
6831,2
6832,2
6833,2
6834,2
6835,2
6836,2
6837,2
6838,2
6839,2
6840,2
6841,2
6842,2
6843,2
6844,2
6845,2
6846,2
6847,2
6848,2
6849,2
6850,2
6851,2
6852,2
6853,2
6854,2
6855,2
6856,2
6857,2
6858,2
6859,2
6860,2
6861,2
6862,2
6863,2
6864,1
6865,2
6866,2
6867,2
6868,2
6869,2
6870,2
6871,2
6872,2
6873,2
6874,2
6875,2
6876,2
6877,2
6878,2
6879,2
6880,2
6881,2
6882,2
6883,2
6884,2
6885,2
6886,2
6887,2
6888,2
6889,2
6890,2
6891,2
6892,2
6893,2
6894,2
6895,2
6896,2
6897,2
6898,2
6899,2
6900,2
6901,2
6902,2
6903,2
6904,2
6905,2
6906,2
6907,2
6908,2
6909,2
6910,2
6911,2
6912,2
6913,2
6914,2
6915,2
6916,2
6917,2
6918,2
6919,2
6920,2
6921,1
6922,1
6923,2
6924,2
6925,2
6926,0
6927,0
6928,1
6929,2
6930,2
6931,2
6932,2
6933,2
6934,2
6935,2
6936,2
6937,2
6938,0
6939,2
6940,0
6941,1
6942,2
6943,2
6944,2
6945,2
6946,1
6947,1
6948,1
6949,2
6950,2
6951,1
6952,1
6953,1
6954,1
6955,2
6956,1
6957,2
6958,0
6959,0
6960,0
6961,0
6962,0
6963,2
6964,2
6965,2
6966,2
6967,2
6968,0
6969,0
6970,2
6971,0
6972,0
6973,0
6974,2
6975,0
6976,0
6977,2
6978,0
6979,2
6980,0
6981,0
6982,2
6983,0
6984,0
6985,0
6986,0
6987,0
6988,0
6989,2
6990,2
6991,2
6992,2
6993,0
6994,0
6995,2
6996,0
6997,1
6998,2
6999,2
7000,0
7001,2
7002,0
7003,0
7004,2
7005,0
7006,2
7007,0
7008,2
7009,0
7010,2
7011,0
7012,0
7013,2
7014,2
7015,2
7016,2
7017,2
7018,0
7019,2
7020,2
7021,2
7022,0
7023,0
7024,1
7025,2
7026,0
7027,2
7028,0
7029,2
7030,0
7031,2
7032,0
7033,0
7034,2
7035,0
7036,0
7037,2
7038,0
7039,1
7040,2
7041,0
7042,0
7043,2
7044,0
7045,0
7046,2
7047,0
7048,0
7049,0
7050,0
7051,0
7052,2
7053,0
7054,2
7055,0
7056,0
7057,0
7058,2
7059,2
7060,2
7061,0
7062,0
7063,2
7064,0
7065,2
7066,2
7067,1
7068,0
7069,2
7070,0
7071,0
7072,0
7073,2
7074,2
7075,2
7076,0
7077,2
7078,0
7079,0
7080,2
7081,0
7082,0
7083,0
7084,0
7085,0
7086,0
7087,0
7088,2
7089,0
7090,0
7091,0
7092,0
7093,0
7094,2
7095,2
7096,1
7097,1
7098,1
7099,2
7100,2
7101,2
7102,2
7103,2
7104,2
7105,0
7106,2
7107,2
7108,2
7109,2
7110,2
7111,2
7112,2
7113,2
7114,2
7115,2
7116,2
7117,2
7118,2
7119,2
7120,2
7121,2
7122,2
7123,2
7124,1
7125,2
7126,1
7127,2
7128,2
7129,1
7130,2
7131,2
7132,1
7133,2
7134,2
7135,2
7136,2
7137,1
7138,2
7139,1
7140,2
7141,1
7142,2
7143,2
7144,2
7145,2
7146,2
7147,2
7148,2
7149,2
7150,2
7151,2
7152,2
7153,2
7154,1
7155,2
7156,1
7157,2
7158,1
7159,2
7160,2
7161,2
7162,2
7163,1
7164,1
7165,2
7166,2
7167,2
7168,1
7169,1
7170,2
7171,1
7172,1
7173,1
7174,1
7175,1
7176,1
7177,1
7178,1
7179,1
7180,1
7181,1
7182,1
7183,1
7184,1
7185,1
7186,1
7187,1
7188,1
7189,1
7190,1
7191,1
7192,0
7193,2
7194,0
7195,1
7196,1
7197,1
7198,1
7199,1
7200,1
7201,2
7202,1
7203,1
7204,1
7205,0
7206,0
7207,2
7208,0
7209,2
7210,1
7211,2
7212,2
7213,2
7214,1
7215,2
7216,2
7217,2
7218,2
7219,2
7220,2
7221,2
7222,0
7223,2
7224,2
7225,0
7226,2
7227,2
7228,2
7229,0
7230,0
7231,0
7232,0
7233,2
7234,2
7235,2
7236,2
7237,2
7238,2
7239,2
7240,2
7241,2
7242,2
7243,2
7244,2
7245,2
7246,2
7247,2
7248,2
7249,2
7250,2
7251,2
7252,2
7253,2
7254,2
7255,2
7256,2
7257,2
7258,2
7259,2
7260,2
7261,2
7262,2
7263,0
7264,2
7265,2
7266,2
7267,2
7268,2
7269,1
7270,2
7271,2
7272,2
7273,2
7274,2
7275,2
7276,2
7277,2
7278,1
7279,0
7280,1
7281,2
7282,2
7283,2
7284,1
7285,1
7286,2
7287,2
7288,2
7289,2
7290,0
7291,0
7292,2
7293,0
7294,2
7295,2
7296,2
7297,2
7298,0
7299,2
7300,0
7301,2
7302,2
7303,2
7304,2
7305,2
7306,0
7307,2
7308,1
7309,0
7310,2
7311,1
7312,2
7313,2
7314,2
7315,2
7316,0
7317,0
7318,2
7319,2
7320,2
7321,2
7322,2
7323,2
7324,2
7325,0
7326,2
7327,2
7328,2
7329,2
7330,0
7331,0
7332,2
7333,2
7334,2
7335,2
7336,1
7337,2
7338,2
7339,2
7340,2
7341,2
7342,2
7343,2
7344,2
7345,2
7346,0
7347,2
7348,0
7349,1
7350,2
7351,2
7352,2
7353,2
7354,2
7355,2
7356,2
7357,2
7358,2
7359,2
7360,0
7361,2
7362,2
7363,2
7364,2
7365,2
7366,2
7367,2
7368,2
7369,0
7370,0
7371,0
7372,1
7373,2
7374,2
7375,2
7376,0
7377,0
7378,0
7379,0
7380,0
7381,0
7382,0
7383,2
7384,2
7385,2
7386,0
7387,0
7388,2
7389,0
7390,1
7391,0
7392,0
7393,0
7394,2
7395,0
7396,1
7397,2
7398,2
7399,1
7400,2
7401,0
7402,0
7403,0
7404,2
7405,2
7406,0
7407,2
7408,0
7409,0
7410,0
7411,2
7412,0
7413,0
7414,0
7415,2
7416,0
7417,2
7418,2
7419,2
7420,2
7421,0
7422,2
7423,2
7424,1
7425,0
7426,0
7427,2
7428,2
7429,0
7430,0
7431,0
7432,2
7433,2
7434,0
7435,2
7436,0
7437,0
7438,2
7439,2
7440,2
7441,0
7442,0
7443,0
7444,2
7445,2
7446,2
7447,0
7448,2
7449,2
7450,2
7451,2
7452,0
7453,0
7454,2
7455,2
7456,0
7457,0
7458,0
7459,2
7460,2
7461,0
7462,2
7463,2
7464,2
7465,2
7466,2
7467,1
7468,1
7469,1
7470,1
7471,1
7472,1
7473,1
7474,1
7475,1
7476,1
7477,1
7478,2
7479,1
7480,1
7481,2
7482,1
7483,2
7484,1
7485,2
7486,1
7487,1
7488,1
7489,1
7490,1
7491,2
7492,1
7493,1
7494,1
7495,1
7496,1
7497,1
7498,1
7499,1
7500,1
7501,2
7502,1
7503,1
7504,1
7505,2
7506,1
7507,1
7508,1
7509,2
7510,1
7511,1
7512,1
7513,1
7514,1
7515,1
7516,1
7517,1
7518,1
7519,1
7520,1
7521,2
7522,1
7523,1
7524,1
7525,1
7526,1
7527,1
7528,1
7529,1
7530,1
7531,1
7532,1
7533,1
7534,1
7535,1
7536,1
7537,2
7538,2
7539,2
7540,1
7541,1
7542,2
7543,1
7544,2
7545,1
7546,2
7547,2
7548,1
7549,1
7550,1
7551,1
7552,2
7553,1
7554,2
7555,1
7556,2
7557,1
7558,2
7559,2
7560,1
7561,2
7562,1
7563,2
7564,2
7565,2
7566,2
7567,2
7568,1
7569,2
7570,1
7571,1
7572,2
7573,2
7574,1
7575,2
7576,2
7577,2
7578,2
7579,2
7580,0
7581,2
7582,2
7583,0
7584,2
7585,2
7586,0
7587,2
7588,1
7589,1
7590,1
7591,1
7592,1
7593,0
7594,2
7595,1
7596,1
7597,2
7598,2
7599,2
7600,2
7601,2
7602,2
7603,1
7604,2
7605,2
7606,2
7607,2
7608,2
7609,2
7610,2
7611,2
7612,2
7613,2
7614,2
7615,1
7616,2
7617,2
7618,1
7619,1
7620,2
7621,1
7622,0
7623,2
7624,2
7625,0
7626,2
7627,0
7628,2
7629,2
7630,2
7631,2
7632,2
7633,1
7634,2
7635,0
7636,1
7637,0
7638,2
7639,0
7640,2
7641,2
7642,2
7643,2
7644,2
7645,2
7646,0
7647,2
7648,2
7649,2
7650,0
7651,0
7652,2
7653,0
7654,2
7655,0
7656,2
7657,2
7658,1
7659,0
7660,2
7661,2
7662,0
7663,1
7664,1
7665,2
7666,2
7667,2
7668,1
7669,2
7670,2
7671,0
7672,0
7673,0
7674,0
7675,0
7676,2
7677,0
7678,0
7679,2
7680,0
7681,2
7682,1
7683,2
7684,2
7685,0
7686,2
7687,0
7688,2
7689,2
7690,0
7691,0
7692,2
7693,0
7694,2
7695,1
7696,1
7697,0
7698,1
7699,2
7700,2
7701,2
7702,2
7703,2
7704,2
7705,2
7706,0
7707,1
7708,0
7709,0
7710,2
7711,2
7712,2
7713,0
7714,0
7715,0
7716,2
7717,0
7718,2
7719,2
7720,0
7721,0
7722,0
7723,2
7724,2
7725,1
7726,2
7727,2
7728,2
7729,0
7730,2
7731,2
7732,1
7733,2
7734,1
7735,2
7736,0
7737,2
7738,1
7739,2
7740,2
7741,2
7742,2
7743,1
7744,1
7745,2
7746,2
7747,2
7748,1
7749,2
7750,2
7751,2
7752,2
7753,2
7754,0
7755,2
7756,0
7757,2
7758,0
7759,1
7760,2
7761,0
7762,0
7763,0
7764,0
7765,2
7766,2
7767,2
7768,2
7769,0
7770,0
7771,2
7772,2
7773,0
7774,2
7775,2
7776,0
7777,1
7778,2
7779,1
7780,1
7781,2
7782,0
7783,2
7784,1
7785,0
7786,2
7787,1
7788,0
7789,2
7790,2
7791,2
7792,1
7793,2
7794,2
7795,0
7796,0
7797,1
7798,0
7799,2
7800,0
7801,1
7802,2
7803,1
7804,0
7805,2
7806,2
7807,2
7808,1
7809,2
7810,0
7811,0
7812,1
7813,2
7814,2
7815,1
7816,1
7817,2
7818,0
7819,2
7820,2
7821,2
7822,2
7823,1
7824,1
7825,2
7826,0
7827,2
7828,1
7829,2
7830,2
7831,2
7832,2
7833,2
7834,2
7835,2
7836,2
7837,0
7838,2
7839,2
7840,0
7841,2
7842,1
7843,2
7844,2
7845,1
7846,0
7847,2
7848,0
7849,2
7850,2
7851,0
7852,2
7853,2
7854,0
7855,2
7856,0
7857,0
7858,2
7859,0
7860,2
7861,0
7862,2
7863,0
7864,0
7865,0
7866,1
7867,2
7868,0
7869,1
7870,0
7871,2
7872,1
7873,0
7874,2
7875,1
7876,2
7877,2
7878,0
7879,1
7880,2
7881,2
7882,2
7883,0
7884,2
7885,2
7886,0
7887,0
7888,2
7889,1
7890,2
7891,2
7892,0
7893,0
7894,0
7895,0
7896,2
7897,1
7898,2
7899,1
7900,0
7901,2
7902,2
7903,1
7904,2
7905,0
7906,2
7907,0
7908,2
7909,0
7910,0
7911,1
7912,1
7913,2
7914,2
7915,2
7916,2
7917,2
7918,2
7919,1
7920,2
7921,1
7922,1
7923,0
7924,1
7925,1
7926,2
7927,1
7928,0
7929,0
7930,0
7931,2
7932,2
7933,2
7934,2
7935,2
7936,2
7937,0
7938,1
7939,2
7940,2
7941,2
7942,0
7943,2
7944,2
7945,2
7946,2
7947,1
7948,1
7949,1
7950,2
7951,0
7952,2
7953,0
7954,2
7955,0
7956,1
7957,2
7958,2
7959,2
7960,2
7961,0
7962,2
7963,2
7964,2
7965,2
7966,2
7967,2
7968,2
7969,0
7970,0
7971,2
7972,2
7973,1
7974,2
7975,0
7976,1
7977,2
7978,1
7979,2
7980,2
7981,2
7982,2
7983,2
7984,0
7985,0
7986,2
7987,2
7988,2
7989,1
7990,2
7991,0
7992,1
7993,0
7994,0
7995,0
7996,0
7997,2
7998,2
7999,0
8000,0
8001,2
8002,2
8003,2
8004,2
8005,0
8006,0
8007,0
8008,2
8009,0
8010,0
8011,1
8012,2
8013,2
8014,2
8015,1
8016,2
8017,2
8018,0
8019,2
8020,2
8021,1
8022,0
8023,2
8024,2
8025,2
8026,2
8027,1
8028,2
8029,2
8030,2
8031,2
8032,1
8033,2
8034,1
8035,2
8036,2
8037,2
8038,0
8039,2
8040,2
8041,0
8042,2
8043,2
8044,1
8045,2
8046,1
8047,2
8048,1
8049,2
8050,2
8051,2
8052,2
8053,2
8054,1
8055,1
8056,2
8057,2
8058,2
8059,2
8060,1
8061,1
8062,1
8063,2
8064,1
8065,1
8066,1
8067,1
8068,1
8069,1
8070,1
8071,2
8072,1
8073,2
8074,1
8075,1
8076,1
8077,2
8078,2
8079,2
8080,2
8081,2
8082,1
8083,2
8084,2
8085,2
8086,1
8087,2
8088,1
8089,2
8090,2
8091,2
8092,2
8093,2
8094,2
8095,1
8096,1
8097,1
8098,1
8099,1
8100,2
8101,2
8102,2
8103,2
8104,2
8105,2
8106,2
8107,2
8108,2
8109,2
8110,2
8111,2
8112,2
8113,2
8114,2
8115,2
8116,2
8117,2
8118,2
8119,2
8120,0
8121,2
8122,2
8123,2
8124,2
8125,2
8126,2
8127,2
8128,2
8129,2
8130,2
8131,2
8132,2
8133,2
8134,2
8135,2
8136,2
8137,2
8138,2
8139,2
8140,2
8141,2
8142,2
8143,2
8144,2
8145,2
8146,2
8147,2
8148,2
8149,2
8150,2
8151,0
8152,2
8153,2
8154,0
8155,2
8156,2
8157,2
8158,2
8159,2
8160,2
8161,2
8162,2
8163,2
8164,2
8165,2
8166,2
8167,2
8168,2
8169,2
8170,2
8171,2
8172,2
8173,2
8174,2
8175,2
8176,2
8177,2
8178,2
8179,0
8180,2
8181,2
8182,2
8183,2
8184,2
8185,2
8186,2
8187,2
8188,2
8189,2
8190,2
8191,2
8192,2
8193,2
8194,2
8195,2
8196,2
8197,2
8198,2
8199,2
8200,2
8201,2
8202,2
8203,2
8204,2
8205,2
8206,2
8207,0
8208,2
8209,2
8210,2
8211,2
8212,0
8213,2
8214,2
8215,2
8216,2
8217,0
8218,0
8219,2
8220,0
8221,0
8222,0
8223,0
8224,2
8225,2
8226,2
8227,2
8228,0
8229,2
8230,2
8231,0
8232,2
8233,0
8234,0
8235,2
8236,2
8237,0
8238,2
8239,2
8240,2
8241,2
8242,2
8243,2
8244,2
8245,2
8246,0
8247,2
8248,2
8249,2
8250,2
8251,2
8252,0
8253,0
8254,2
8255,2
8256,2
8257,0
8258,2
8259,0
8260,2
8261,2
8262,0
8263,0
8264,2
8265,2
8266,0
8267,2
8268,0
8269,2
8270,2
8271,2
8272,2
8273,0
8274,2
8275,2
8276,2
8277,0
8278,0
8279,2
8280,2
8281,2
8282,2
8283,2
8284,0
8285,2
8286,2
8287,0
8288,0
8289,0
8290,2
8291,0
8292,2
8293,2
8294,0
8295,2
8296,2
8297,2
8298,2
8299,0
8300,2
8301,1
8302,1
8303,2
8304,1
8305,1
8306,1
8307,1
8308,1
8309,2
8310,1
8311,2
8312,2
8313,2
8314,2
8315,2
8316,2
8317,2
8318,2
8319,2
8320,2
8321,2
8322,2
8323,2
8324,2
8325,2
8326,2
8327,2
8328,2
8329,2
8330,2
8331,2
8332,2
8333,2
8334,2
8335,2
8336,2
8337,2
8338,2
8339,2
8340,2
8341,2
8342,2
8343,2
8344,2
8345,0
8346,2
8347,2
8348,2
8349,2
8350,2
8351,2
8352,2
8353,2
8354,2
8355,2
8356,0
8357,2
8358,2
8359,2
8360,0
8361,2
8362,1
8363,1
8364,1
8365,1
8366,1
8367,1
8368,1
8369,1
8370,1
8371,1
8372,1
8373,1
8374,1
8375,1
8376,1
8377,1
8378,1
8379,1
8380,1
8381,1
8382,1
8383,1
8384,1
8385,1
8386,1
8387,1
8388,1
8389,1
8390,1
8391,1
8392,1
8393,2
8394,1
8395,1
8396,1
8397,1
8398,1
8399,1
8400,1
8401,1
8402,1
8403,1
8404,1
8405,1
8406,1
8407,1
8408,1
8409,1
8410,1
8411,1
8412,1
8413,1
8414,1
8415,1
8416,1
8417,1
8418,1
8419,1
8420,1
8421,1
8422,1
8423,1
8424,1
8425,1
8426,1
8427,1
8428,1
8429,1
8430,1
8431,2
8432,2
8433,2
8434,2
8435,1
8436,1
8437,1
8438,1
8439,1
8440,1
8441,1
8442,1
8443,1
8444,1
8445,1
8446,0
8447,1
8448,1
8449,1
8450,2
8451,1
8452,2
8453,1
8454,1
8455,1
8456,1
8457,1
8458,2
8459,1
8460,1
8461,1
8462,1
8463,1
8464,2
8465,1
8466,1
8467,2
8468,1
8469,1
8470,1
8471,1
8472,1
8473,2
8474,1
8475,1
8476,2
8477,1
8478,1
8479,2
8480,1
8481,1
8482,1
8483,1
8484,1
8485,1
8486,1
8487,1
8488,1
8489,1
8490,1
8491,1
8492,1
8493,1
8494,1
8495,1
8496,1
8497,1
8498,2
8499,1
8500,2
8501,1
8502,2
8503,2
8504,1
8505,1
8506,2
8507,1
8508,1
8509,1
8510,1
8511,1
8512,1
8513,1
8514,1
8515,1
8516,1
8517,1
8518,2
8519,1
8520,1
8521,1
8522,1
8523,1
8524,1
8525,1
8526,1
8527,1
8528,1
8529,1
8530,2
8531,2
8532,1
8533,1
8534,1
8535,1
8536,1
8537,1
8538,1
8539,1
8540,1
8541,1
8542,1
8543,1
8544,1
8545,1
8546,1
8547,1
8548,2
8549,1
8550,2
8551,1
8552,2
8553,2
8554,0
8555,2
8556,2
8557,2
8558,2
8559,2
8560,2
8561,2
8562,2
8563,2
8564,1
8565,1
8566,2
8567,1
8568,1
8569,2
8570,1
8571,1
8572,2
8573,2
8574,1
8575,2
8576,1
8577,2
8578,1
8579,2
8580,1
8581,1
8582,1
8583,1
8584,1
8585,1
8586,1
8587,2
8588,2
8589,2
8590,1
8591,1
8592,1
8593,2
8594,1
8595,2
8596,2
8597,1
8598,1
8599,1
8600,2
8601,2
8602,1
8603,1
8604,2
8605,1
8606,2
8607,2
8608,0
8609,1
8610,2
8611,2
8612,2
8613,2
8614,1
8615,2
8616,1
8617,0
8618,2
8619,2
8620,2
8621,2
8622,2
8623,2
8624,2
8625,2
8626,2
8627,2
8628,2
8629,2
8630,1
8631,1
8632,1
8633,1
8634,1
8635,2
8636,0
8637,2
8638,0
8639,2
8640,2
8641,2
8642,2
8643,2
8644,0
8645,0
8646,2
8647,2
8648,0
8649,2
8650,2
8651,2
8652,2
8653,2
8654,0
8655,2
8656,0
8657,2
8658,2
8659,0
8660,2
8661,2
8662,2
8663,2
8664,2
8665,0
8666,2
8667,0
8668,1
8669,2
8670,2
8671,2
8672,2
8673,2
8674,2
8675,2
8676,2
8677,2
8678,0
8679,1
8680,1
8681,1
8682,1
8683,1
8684,1
8685,1
8686,1
8687,1
8688,1
8689,1
8690,1
8691,1
8692,1
8693,1
8694,1
8695,1
8696,1
8697,1
8698,1
8699,1
8700,1
8701,1
8702,1
8703,1
8704,1
8705,1
8706,0
8707,2
8708,2
8709,2
8710,1
8711,1
8712,0
8713,1
8714,1
8715,1
8716,1
8717,1
8718,1
8719,1
8720,2
8721,1
8722,2
8723,2
8724,1
8725,2
8726,1
8727,1
8728,1
8729,1
8730,1
8731,2
8732,1
8733,1
8734,1
8735,1
8736,1
8737,2
8738,2
8739,1
8740,2
8741,1
8742,1
8743,2
8744,1
8745,1
8746,1
8747,1
8748,2
8749,1
8750,1
8751,1
8752,1
8753,1
8754,1
8755,2
8756,1
8757,2
8758,1
8759,1
8760,1
8761,1
8762,1
8763,1
8764,1
8765,1
8766,1
8767,1
8768,1
8769,1
8770,1
8771,2
8772,1
8773,2
8774,2
8775,2
8776,2
8777,2
8778,1
8779,1
8780,1
8781,1
8782,1
8783,1
8784,2
8785,2
8786,1
8787,1
8788,2
8789,2
8790,2
8791,2
8792,1
8793,1
8794,2
8795,2
8796,2
8797,2
8798,1
8799,1
8800,2
8801,1
8802,2
8803,2
8804,2
8805,2
8806,2
8807,2
8808,2
8809,2
8810,1
8811,0
8812,2
8813,0
8814,2
8815,2
8816,2
8817,2
8818,2
8819,2
8820,2
8821,2
8822,2
8823,2
8824,2
8825,0
8826,2
8827,2
8828,0
8829,2
8830,2
8831,0
8832,2
8833,2
8834,1
8835,2
8836,2
8837,2
8838,1
8839,0
8840,1
8841,1
8842,1
8843,2
8844,1
8845,2
8846,2
8847,1
8848,1
8849,1
8850,1
8851,1
8852,2
8853,2
8854,1
8855,2
8856,2
8857,1
8858,2
8859,1
8860,2
8861,1
8862,2
8863,2
8864,1
8865,2
8866,1
8867,1
8868,0
8869,1
8870,2
8871,2
8872,2
8873,1
8874,1
8875,2
8876,2
8877,0
8878,2
8879,1
8880,2
8881,2
8882,1
8883,1
8884,1
8885,1
8886,2
8887,2
8888,2
8889,2
8890,2
8891,2
8892,1
8893,2
8894,1
8895,2
8896,2
8897,2
8898,1
8899,2
8900,2
8901,2
8902,2
8903,3
8904,2
8905,2
8906,2
8907,2
8908,1
8909,0
8910,2
8911,2
8912,2
8913,2
8914,2
8915,2
8916,2
8917,2
8918,0
8919,2
8920,2
8921,0
8922,2
8923,2
8924,1
8925,1
8926,0
8927,2
8928,1
8929,2
8930,0
8931,2
8932,0
8933,0
8934,2
8935,0
8936,0
8937,2
8938,2
8939,2
8940,2
8941,0
8942,2
8943,0
8944,2
8945,0
8946,0
8947,0
8948,0
8949,0
8950,0
8951,2
8952,2
8953,0
8954,0
8955,2
8956,0
8957,0
8958,0
8959,0
8960,0
8961,0
8962,0
8963,1
8964,2
8965,2
8966,2
8967,2
8968,2
8969,2
8970,2
8971,2
8972,2
8973,2
8974,0
8975,2
8976,2
8977,2
8978,2
8979,2
8980,2
8981,2
8982,2
8983,2
8984,2
8985,2
8986,2
8987,2
8988,2
8989,2
8990,1
8991,1
8992,1
8993,1
8994,1
8995,2
8996,1
8997,2
8998,2
8999,1
9000,1
9001,2
9002,1
9003,1
9004,1
9005,2
9006,2
9007,2
9008,1
9009,1
9010,1
9011,2
9012,1
9013,2
9014,1
9015,1
9016,1
9017,2
9018,2
9019,1
9020,2
9021,1
9022,2
9023,1
9024,2
9025,1
9026,1
9027,1
9028,1
9029,2
9030,1
9031,1
9032,1
9033,1
9034,2
9035,1
9036,1
9037,2
9038,2
9039,1
9040,1
9041,2
9042,2
9043,1
9044,1
9045,2
9046,2
9047,1
9048,1
9049,1
9050,2
9051,2
9052,2
9053,1
9054,2
9055,2
9056,2
9057,2
9058,1
9059,2
9060,2
9061,2
9062,2
9063,2
9064,0
9065,2
9066,2
9067,1
9068,2
9069,2
9070,2
9071,2
9072,2
9073,1
9074,2
9075,2
9076,2
9077,2
9078,2
9079,2
9080,2
9081,2
9082,2
9083,2
9084,2
9085,2
9086,2
9087,2
9088,2
9089,2
9090,2
9091,2
9092,2
9093,2
9094,2
9095,2
9096,2
9097,2
9098,2
9099,2
9100,2
9101,2
9102,1
9103,2
9104,2
9105,2
9106,2
9107,2
9108,2
9109,2
9110,2
9111,1
9112,2
9113,2
9114,2
9115,2
9116,2
9117,2
9118,2
9119,2
9120,2
9121,2
9122,2
9123,2
9124,2
9125,2
9126,2
9127,2
9128,2
9129,2
9130,2
9131,2
9132,2
9133,2
9134,2
9135,2
9136,2
9137,2
9138,2
9139,2
9140,2
9141,2
9142,2
9143,2
9144,2
9145,2
9146,2
9147,2
9148,2
9149,2
9150,2
9151,2
9152,2
9153,2
9154,2
9155,2
9156,2
9157,2
9158,2
9159,2
9160,2
9161,2
9162,2
9163,2
9164,2
9165,2
9166,2
9167,2
9168,2
9169,2
9170,2
9171,2
9172,2
9173,2
9174,2
9175,2
9176,2
9177,2
9178,2
9179,2
9180,2
9181,2
9182,2
9183,2
9184,2
9185,2
9186,2
9187,2
9188,2
9189,2
9190,2
9191,2
9192,2
9193,0
9194,0
9195,0
9196,0
9197,0
9198,1
9199,0
9200,0
9201,0
9202,0
9203,0
9204,0
9205,2
9206,0
9207,1
9208,0
9209,0
9210,0
9211,0
9212,0
9213,2
9214,1
9215,2
9216,2
9217,2
9218,0
9219,2
9220,2
9221,2
9222,2
9223,1
9224,2
9225,2
9226,2
9227,2
9228,0
9229,0
9230,2
9231,1
9232,2
9233,1
9234,0
9235,0
9236,0
9237,0
9238,0
9239,0
9240,0
9241,0
9242,0
9243,0
9244,0
9245,0
9246,0
9247,0
9248,0
9249,2
9250,2
9251,2
9252,0
9253,2
9254,0
9255,2
9256,2
9257,2
9258,0
9259,0
9260,2
9261,0
9262,2
9263,1
9264,2
9265,2
9266,2
9267,2
9268,0
9269,2
9270,0
9271,1
9272,1
9273,0
9274,2
9275,0
9276,2
9277,2
9278,2
9279,0
9280,2
9281,2
9282,2
9283,0
9284,2
9285,2
9286,2
9287,2
9288,2
9289,2
9290,2
9291,0
9292,2
9293,0
9294,0
9295,2
9296,1
9297,1
9298,0
9299,2
9300,2
9301,2
9302,0
9303,2
9304,0
9305,2
9306,2
9307,2
9308,0
9309,2
9310,2
9311,2
9312,2
9313,2
9314,0
9315,2
9316,2
9317,2
9318,2
9319,1
9320,2
9321,2
9322,0
9323,2
9324,0
9325,2
9326,2
9327,2
9328,2
9329,2
9330,2
9331,0
9332,0
9333,0
9334,0
9335,1
9336,2
9337,1
9338,1
9339,2
9340,1
9341,1
9342,1
9343,1
9344,0
9345,0
9346,0
9347,0
9348,0
9349,0
9350,0
9351,0
9352,0
9353,0
9354,0
9355,0
9356,0
9357,0
9358,0
9359,0
9360,0
9361,0
9362,2
9363,2
9364,2
9365,2
9366,2
9367,1
9368,2
9369,2
9370,2
9371,2
9372,1
9373,2
9374,2
9375,2
9376,2
9377,2
9378,2
9379,2
9380,2
9381,2
9382,0
9383,0
9384,2
9385,2
9386,2
9387,2
9388,0
9389,1
9390,2
9391,0
9392,0
9393,2
9394,2
9395,2
9396,2
9397,2
9398,2
9399,2
9400,2
9401,2
9402,2
9403,2
9404,2
9405,2
9406,2
9407,2
9408,2
9409,2
9410,2
9411,2
9412,2
9413,2
9414,2
9415,2
9416,2
9417,1
9418,1
9419,2
9420,2
9421,2
9422,2
9423,2
9424,2
9425,2
9426,0
9427,2
9428,2
9429,2
9430,2
9431,1
9432,2
9433,2
9434,1
9435,2
9436,2
9437,2
9438,2
9439,2
9440,2
9441,1
9442,1
9443,2
9444,2
9445,2
9446,2
9447,1
9448,1
9449,2
9450,2
9451,2
9452,2
9453,1
9454,1
9455,2
9456,1
9457,2
9458,1
9459,1
9460,2
9461,2
9462,1
9463,1
9464,1
9465,2
9466,1
9467,2
9468,1
9469,2
9470,1
9471,2
9472,2
9473,2
9474,1
9475,1
9476,2
9477,1
9478,2
9479,2
9480,2
9481,1
9482,1
9483,2
9484,2
9485,2
9486,2
9487,2
9488,1
9489,1
9490,1
9491,2
9492,2
9493,2
9494,2
9495,2
9496,2
9497,2
9498,2
9499,2
9500,0
9501,2
9502,2
9503,2
9504,2
9505,2
9506,2
9507,2
9508,2
9509,2
9510,2
9511,2
9512,2
9513,2
9514,2
9515,2
9516,2
9517,2
9518,2
9519,2
9520,2
9521,2
9522,2
9523,2
9524,2
9525,2
9526,2
9527,2
9528,2
9529,2
9530,2
9531,2
9532,2
9533,2
9534,2
9535,2
9536,2
9537,2
9538,2
9539,2
9540,2
9541,0
9542,2
9543,2
9544,2
9545,0
9546,0
9547,1
9548,2
9549,1
9550,1
9551,1
9552,1
9553,1
9554,2
9555,1
9556,1
9557,1
9558,1
9559,1
9560,2
9561,2
9562,1
9563,1
9564,1
9565,1
9566,1
9567,2
9568,1
9569,1
9570,0
9571,1
9572,1
9573,2
9574,2
9575,1
9576,1
9577,2
9578,1
9579,1
9580,1
9581,2
9582,1
9583,2
9584,2
9585,1
9586,1
9587,1
9588,1
9589,1
9590,1
9591,1
9592,1
9593,2
9594,1
9595,1
9596,2
9597,2
9598,1
9599,2
9600,2
9601,1
9602,2
9603,0
9604,2
9605,2
9606,2
9607,2
9608,2
9609,2
9610,2
9611,2
9612,2
9613,0
9614,2
9615,2
9616,2
9617,2
9618,2
9619,2
9620,2
9621,2
9622,2
9623,0
9624,2
9625,1
9626,2
9627,2
9628,2
9629,0
9630,2
9631,2
9632,2
9633,2
9634,2
9635,0
9636,2
9637,2
9638,2
9639,2
9640,2
9641,0
9642,0
9643,1
9644,1
9645,0
9646,2
9647,2
9648,2
9649,0
9650,2
9651,1
9652,2
9653,1
9654,2
9655,2
9656,2
9657,1
9658,2
9659,2
9660,1
9661,2
9662,0
9663,0
9664,0
9665,2
9666,2
9667,2
9668,0
9669,1
9670,0
9671,2
9672,2
9673,2
9674,2
9675,1
9676,0
9677,1
9678,2
9679,1
9680,2
9681,1
9682,0
9683,1
9684,0
9685,2
9686,0
9687,2
9688,2
9689,2
9690,2
9691,2
9692,2
9693,1
9694,2
9695,1
9696,2
9697,0
9698,1
9699,2
9700,2
9701,1
9702,1
9703,1
9704,2
9705,2
9706,2
9707,2
9708,1
9709,1
9710,2
9711,2
9712,2
9713,2
9714,1
9715,1
9716,1
9717,1
9718,2
9719,2
9720,1
9721,1
9722,1
9723,1
9724,1
9725,1
9726,1
9727,1
9728,2
9729,1
9730,1
9731,2
9732,2
9733,2
9734,0
9735,2
9736,0
9737,0
9738,2
9739,2
9740,0
9741,1
9742,2
9743,2
9744,2
9745,2
9746,2
9747,2
9748,1
9749,2
9750,2
9751,2
9752,2
9753,1
9754,2
9755,2
9756,2
9757,2
9758,1
9759,2
9760,2
9761,2
9762,1
9763,2
9764,2
9765,1
9766,2
9767,2
9768,2
9769,2
9770,1
9771,1
9772,1
9773,1
9774,1
9775,1
9776,1
9777,1
9778,1
9779,1
9780,1
9781,1
9782,1
9783,1
9784,1
9785,1
9786,2
9787,1
9788,1
9789,1
9790,1
9791,1
9792,1
9793,1
9794,1
9795,1
9796,1
9797,1
9798,1
9799,1
9800,1
9801,1
9802,2
9803,2
9804,1
9805,1
9806,2
9807,1
9808,1
9809,2
9810,1
9811,2
9812,1
9813,1
9814,2
9815,2
9816,2
9817,2
9818,0
9819,0
9820,0
9821,2
9822,2
9823,2
9824,2
9825,2
9826,0
9827,2
9828,2
9829,2
9830,2
9831,0
9832,2
9833,0
9834,0
9835,0
9836,0
9837,2
9838,0
9839,2
9840,0
9841,2
9842,2
9843,1
9844,1
9845,2
9846,2
9847,1
9848,2
9849,1
9850,1
9851,2
9852,1
9853,2
9854,2
9855,2
9856,1
9857,2
9858,2
9859,1
9860,1
9861,2
9862,2
9863,1
9864,1
9865,2
9866,2
9867,2
9868,1
9869,2
9870,2
9871,2
9872,1
9873,2
9874,1
9875,1
9876,2
9877,2
9878,2
9879,1
9880,1
9881,2
9882,1
9883,1
9884,2
9885,2
9886,2
9887,2
9888,2
9889,2
9890,2
9891,2
9892,2
9893,1
9894,2
9895,2
9896,2
9897,2
9898,2
9899,2
9900,1
9901,1
9902,2
9903,2
9904,2
9905,2
9906,2
9907,1
9908,2
9909,2
9910,2
9911,2
9912,1
9913,1
9914,1
9915,2
9916,2
9917,2
9918,2
9919,2
9920,2
9921,1
9922,2
9923,1
9924,2
9925,2
9926,2
9927,1
9928,2
9929,2
9930,2
9931,2
9932,2
9933,2
9934,2
9935,2
9936,2
9937,1
9938,1
9939,2
9940,2
9941,1
9942,2
9943,2
9944,2
9945,2
9946,1
9947,2
9948,2
9949,2
9950,2
9951,2
9952,2
9953,2
9954,2
9955,2
9956,1
9957,2
9958,2
9959,2
9960,2
9961,2
9962,2
9963,2
9964,2
9965,2
9966,2
9967,2
9968,1
9969,2
9970,2
9971,2
9972,2
9973,2
9974,1
9975,1
9976,1
9977,1
9978,2
9979,2
9980,1
9981,2
9982,1
9983,2
9984,2
9985,2
9986,2
9987,2
9988,2
9989,2
9990,2
9991,2
9992,2
9993,2
9994,2
9995,2
9996,2
9997,2
9998,2
9999,2
10000,2
10001,2
10002,2
10003,2
10004,2
10005,2
10006,2
10007,2
10008,2
10009,2
10010,2
10011,2
10012,2
10013,2
10014,2
10015,2
10016,1
10017,2
10018,2
10019,2
10020,2
10021,2
10022,2
10023,2
10024,2
10025,2
10026,2
10027,2
10028,2
10029,2
10030,2
10031,2
10032,2
10033,2
10034,2
10035,1
10036,2
10037,2
10038,2
10039,2
10040,2
10041,2
10042,2
10043,2
10044,2
10045,2
10046,2
10047,2
10048,2
10049,2
10050,2
10051,2
10052,2
10053,2
10054,2
10055,2
10056,2
10057,2
10058,2
10059,2
10060,2
10061,2
10062,2
10063,2
10064,2
10065,1
10066,2
10067,2
10068,2
10069,2
10070,1
10071,2
10072,2
10073,2
10074,2
10075,1
10076,2
10077,2
10078,2
10079,2
10080,2
10081,2
10082,2
10083,2
10084,2
10085,2
10086,2
10087,2
10088,2
10089,2
10090,2
10091,1
10092,2
10093,2
10094,2
10095,2
10096,2
10097,1
10098,2
10099,2
10100,2
10101,2
10102,2
10103,2
10104,2
10105,2
10106,2
10107,2
10108,1
10109,1
10110,2
10111,2
10112,2
10113,2
10114,2
10115,1
10116,2
10117,2
10118,2
10119,2
10120,2
10121,2
10122,2
10123,2
10124,2
10125,2
10126,1
10127,2
10128,1
10129,2
10130,1
10131,2
10132,2
10133,2
10134,1
10135,1
10136,2
10137,2
10138,1
10139,1
10140,1
10141,1
10142,1
10143,1
10144,2
10145,2
10146,0
10147,2
10148,2
10149,2
10150,2
10151,2
10152,2
10153,2
10154,2
10155,2
10156,2
10157,2
10158,2
10159,1
10160,1
10161,1
10162,1
10163,2
10164,0
10165,2
10166,2
10167,2
10168,2
10169,2
10170,2
10171,2
10172,2
10173,0
10174,2
10175,2
10176,2
10177,2
10178,1
10179,1
10180,1
10181,2
10182,2
10183,1
10184,2
10185,1
10186,2
10187,2
10188,2
10189,1
10190,0
10191,0
10192,0
10193,2
10194,0
10195,1
10196,1
10197,2
10198,2
10199,2
10200,2
10201,2
10202,2
10203,0
10204,2
10205,2
10206,2
10207,2
10208,0
10209,2
10210,0
10211,2
10212,0
10213,0
10214,2
10215,0
10216,0
10217,2
10218,2
10219,0
10220,0
10221,0
10222,0
10223,0
10224,2
10225,0
10226,0
10227,0
10228,2
10229,0
10230,0
10231,2
10232,2
10233,2
10234,0
10235,2
10236,0
10237,2
10238,2
10239,0
10240,2
10241,2
10242,0
10243,2
10244,0
10245,2
10246,0
10247,0
10248,2
10249,0
10250,0
10251,0
10252,2
10253,0
10254,0
10255,2
10256,2
10257,0
10258,0
10259,0
10260,2
10261,2
10262,2
10263,0
10264,0
10265,0
10266,2
10267,2
10268,2
10269,0
10270,2
10271,2
10272,0
10273,2
10274,1
10275,0
10276,0
10277,0
10278,2
10279,0
10280,2
10281,0
10282,2
10283,2
10284,2
10285,0
10286,0
10287,0
10288,2
10289,2
10290,1
10291,0
10292,0
10293,0
10294,0
10295,2
10296,2
10297,2
10298,0
10299,0
10300,2
10301,0
10302,2
10303,1
10304,0
10305,2
10306,2
10307,2
10308,0
10309,0
10310,0
10311,2
10312,2
10313,2
10314,2
10315,0
10316,2
10317,0
10318,0
10319,0
10320,2
10321,0
10322,2
10323,0
10324,0
10325,2
10326,2
10327,2
10328,2
10329,0
10330,2
10331,2
10332,2
10333,2
10334,0
10335,2
10336,2
10337,2
10338,0
10339,0
10340,0
10341,2
10342,2
10343,2
10344,0
10345,0
10346,0
10347,0
10348,0
10349,0
10350,0
10351,0
10352,0
10353,0
10354,2
10355,2
10356,0
10357,0
10358,0
10359,2
10360,2
10361,0
10362,0
10363,0
10364,2
10365,0
10366,1
10367,0
10368,2
10369,0
10370,0
10371,2
10372,2
10373,0
10374,0
10375,0
10376,0
10377,0
10378,2
10379,0
10380,2
10381,0
10382,0
10383,0
10384,0
10385,0
10386,0
10387,0
10388,2
10389,2
10390,2
10391,0
10392,0
10393,0
10394,0
10395,0
10396,0
10397,0
10398,0
10399,2
10400,2
10401,2
10402,1
10403,1
10404,1
10405,2
10406,1
10407,1
10408,2
10409,2
10410,2
10411,1
10412,2
10413,2
10414,1
10415,1
10416,0
10417,1
10418,1
10419,2
10420,2
10421,1
10422,2
10423,1
10424,1
10425,1
10426,1
10427,2
10428,2
10429,2
10430,1
10431,1
10432,1
10433,0
10434,2
10435,1
10436,1
10437,1
10438,2
10439,2
10440,1
10441,1
10442,1
10443,1
10444,1
10445,1
10446,2
10447,2
10448,2
10449,2
10450,2
10451,2
10452,2
10453,2
10454,2
10455,2
10456,2
10457,2
10458,2
10459,2
10460,2
10461,2
10462,1
10463,2
10464,2
10465,2
10466,2
10467,2
10468,1
10469,2
10470,1
10471,2
10472,1
10473,2
10474,1
10475,2
10476,2
10477,0
10478,2
10479,2
10480,1
10481,2
10482,2
10483,2
10484,2
10485,1
10486,1
10487,2
10488,1
10489,2
10490,1
10491,2
10492,2
10493,2
10494,2
10495,2
10496,2
10497,2
10498,1
10499,2
10500,1
10501,2
10502,2
10503,2
10504,2
10505,2
10506,2
10507,2
10508,2
10509,2
10510,2
10511,2
10512,2
10513,2
10514,2
10515,2
10516,2
10517,2
10518,2
10519,2
10520,2
10521,2
10522,2
10523,2
10524,2
10525,2
10526,2
10527,2
10528,2
10529,2
10530,2
10531,2
10532,2
10533,2
10534,2
10535,2
10536,2
10537,2
10538,2
10539,2
10540,0
10541,2
10542,2
10543,2
10544,1
10545,2
10546,1
10547,1
10548,1
10549,2
10550,1
10551,1
10552,1
10553,2
10554,1
10555,1
10556,1
10557,2
10558,1
10559,1
10560,1
10561,1
10562,2
10563,2
10564,1
10565,2
10566,1
10567,2
10568,1
10569,1
10570,2
10571,1
10572,2
10573,2
10574,1
10575,1
10576,1
10577,2
10578,1
10579,1
10580,1
10581,2
10582,1
10583,2
10584,2
10585,1
10586,1
10587,2
10588,2
10589,1
10590,2
10591,1
10592,2
10593,2
10594,2
10595,2
10596,1
10597,1
10598,1
10599,1
10600,1
10601,2
10602,1
10603,1
10604,1
10605,1
10606,1
10607,1
10608,1
10609,1
10610,1
10611,1
10612,1
10613,2
10614,1
10615,1
10616,2
10617,2
10618,1
10619,1
10620,1
10621,1
10622,1
10623,1
10624,2
10625,1
10626,1
10627,1
10628,1
10629,1
10630,1
10631,1
10632,1
10633,1
10634,1
10635,2
10636,1
10637,1
10638,1
10639,2
10640,1
10641,1
10642,1
10643,2
10644,2
10645,1
10646,1
10647,1
10648,1
10649,1
10650,1
10651,1
10652,2
10653,1
10654,1
10655,2
10656,1
10657,1
10658,1
10659,1
10660,1
10661,1
10662,1
10663,1
10664,1
10665,1
10666,2
10667,1
10668,1
10669,1
10670,1
10671,1
10672,2
10673,1
10674,1
10675,1
10676,1
10677,1
10678,1
10679,1
10680,1
10681,1
10682,1
10683,1
10684,1
10685,1
10686,1
10687,1
10688,1
10689,2
10690,1
10691,1
10692,1
10693,1
10694,1
10695,1
10696,1
10697,1
10698,1
10699,1
10700,1
10701,1
10702,1
10703,1
10704,1
10705,1
10706,1
10707,1
10708,1
10709,1
10710,2
10711,1
10712,1
10713,2
10714,1
10715,1
10716,1
10717,1
10718,1
10719,1
10720,1
10721,1
10722,2
10723,1
10724,1
10725,1
10726,1
10727,1
10728,1
10729,1
10730,1
10731,1
10732,1
10733,1
10734,2
10735,2
10736,1
10737,1
10738,1
10739,1
10740,1
10741,1
10742,2
10743,2
10744,1
10745,1
10746,1
10747,1
10748,1
10749,1
10750,1
10751,1
10752,1
10753,1
10754,1
10755,2
10756,1
10757,1
10758,1
10759,2
10760,2
10761,1
10762,1
10763,1
10764,1
10765,1
10766,1
10767,1
10768,1
10769,1
10770,1
10771,1
10772,1
10773,1
10774,1
10775,1
10776,2
10777,1
10778,0
10779,2
10780,2
10781,2
10782,0
10783,2
10784,0
10785,0
10786,2
10787,2
10788,0
10789,0
10790,0
10791,0
10792,2
10793,2
10794,0
10795,0
10796,0
10797,0
10798,2
10799,2
10800,0
10801,0
10802,0
10803,0
10804,0
10805,2
10806,2
10807,0
10808,0
10809,2
10810,0
10811,0
10812,0
10813,2
10814,2
10815,2
10816,0
10817,0
10818,2
10819,2
10820,0
10821,2
10822,0
10823,0
10824,2
10825,0
10826,0
10827,0
10828,2
10829,2
10830,0
10831,2
10832,0
10833,0
10834,0
10835,0
10836,2
10837,2
10838,0
10839,2
10840,0
10841,0
10842,2
10843,2
10844,2
10845,0
10846,2
10847,0
10848,2
10849,2
10850,0
10851,1
10852,1
10853,1
10854,1
10855,1
10856,1
10857,1
10858,1
10859,1
10860,1
10861,1
10862,1
10863,1
10864,1
10865,1
10866,1
10867,1
10868,1
10869,1
10870,2
10871,1
10872,1
10873,1
10874,1
10875,1
10876,1
10877,1
10878,1
10879,1
10880,1
10881,1
10882,1
10883,1
10884,1
10885,1
10886,1
10887,1
10888,2
10889,2
10890,1
10891,1
10892,2
10893,1
10894,1
10895,1
10896,1
10897,1
10898,1
10899,1
10900,1
10901,1
10902,2
10903,2
10904,1
10905,1
10906,1
10907,2
10908,1
10909,1
10910,2
10911,2
10912,1
10913,1
10914,2
10915,2
10916,1
10917,1
10918,1
10919,2
10920,1
10921,2
10922,1
10923,2
10924,2
10925,1
10926,2
10927,2
10928,2
10929,1
10930,2
10931,1
10932,2
10933,1
10934,1
10935,1
10936,1
10937,1
10938,1
10939,1
10940,2
10941,2
10942,2
10943,2
10944,2
10945,2
10946,1
10947,2
10948,2
10949,1
10950,1
10951,1
10952,1
10953,1
10954,1
10955,1
10956,1
10957,1
10958,1
10959,1
10960,1
10961,2
10962,1
10963,1
10964,1
10965,2
10966,2
10967,2
10968,1
10969,2
10970,2
10971,2
10972,2
10973,2
10974,2
10975,2
10976,2
10977,2
10978,2
10979,2
10980,2
10981,2
10982,2
10983,2
10984,2
10985,2
10986,2
10987,2
10988,2
10989,2
10990,0
10991,2
10992,2
10993,2
10994,2
10995,2
10996,0
10997,0
10998,2
10999,2
11000,2
11001,2
11002,2
11003,2
11004,2
11005,2
11006,2
11007,2
11008,2
11009,2
11010,2
11011,2
11012,0
11013,2
11014,2
11015,0
11016,2
11017,0
11018,0
11019,0
11020,2
11021,2
11022,2
11023,0
11024,2
11025,2
11026,0
11027,2
11028,0
11029,0
11030,2
11031,0
11032,2
11033,2
11034,2
11035,2
11036,1
11037,2
11038,0
11039,2
11040,0
11041,2
11042,2
11043,2
11044,2
11045,0
11046,1
11047,2
11048,2
11049,2
11050,2
11051,2
11052,2
11053,2
11054,2
11055,2
11056,2
11057,2
11058,2
11059,2
11060,2
11061,2
11062,2
11063,2
11064,2
11065,2
11066,2
11067,2
11068,0
11069,2
11070,0
11071,2
11072,2
11073,2
11074,2
11075,0
11076,2
11077,2
11078,2
11079,2
11080,2
11081,2
11082,2
11083,2
11084,2
11085,2
11086,2
11087,2
11088,2
11089,2
11090,2
11091,2
11092,2
11093,2
11094,2
11095,0
11096,1
11097,2
11098,2
11099,2
11100,2
11101,2
11102,2
11103,2
11104,2
11105,0
11106,2
11107,2
11108,2
11109,1
11110,2
11111,1
11112,2
11113,2
11114,2
11115,2
11116,1
11117,2
11118,2
11119,2
11120,2
11121,2
11122,2
11123,2
11124,2
11125,2
11126,2
11127,2
11128,2
11129,2
11130,2
11131,2
11132,2
11133,2
11134,2
11135,2
11136,2
11137,2
11138,2
11139,2
11140,2
11141,2
11142,2
11143,2
11144,2
11145,2
11146,1
11147,2
11148,2
11149,1
11150,2
11151,2
11152,2
11153,1
11154,1
11155,1
11156,1
11157,2
11158,2
11159,2
11160,1
11161,2
11162,2
11163,2
11164,2
11165,2
11166,2
11167,2
11168,1
11169,2
11170,2
11171,2
11172,1
11173,2
11174,2
11175,2
11176,2
11177,2
11178,2
11179,2
11180,2
11181,2
11182,2
11183,2
11184,2
11185,2
11186,2
11187,2
11188,2
11189,2
11190,2
11191,2
11192,2
11193,2
11194,2
11195,2
11196,2
11197,2
11198,1
11199,2
11200,2
11201,2
11202,1
11203,2
11204,2
11205,2
11206,2
11207,2
11208,2
11209,2
11210,2
11211,2
11212,2
11213,2
11214,2
11215,2
11216,2
11217,2
11218,2
11219,2
11220,2
11221,2
11222,2
11223,1
11224,2
11225,2
11226,2
11227,2
11228,2
11229,2
11230,2
11231,2
11232,2
11233,2
11234,2
11235,1
11236,2
11237,2
11238,2
11239,2
11240,1
11241,2
11242,2
11243,1
11244,1
11245,2
11246,2
11247,2
11248,2
